/*
 Navicat Premium Data Transfer

 Source Server         : 服务器数据库
 Source Server Type    : MySQL
 Source Server Version : 50732
 Source Host           : 123.56.1.202:3306
 Source Schema         : coderhub

 Target Server Type    : MySQL
 Target Server Version : 50732
 File Encoding         : 65001

 Date: 29/01/2021 14:13:26
*/

SET NAMES utf8mb4;
SET FOREIGN_KEY_CHECKS = 0;

-- ----------------------------
-- Table structure for avatar
-- ----------------------------
DROP TABLE IF EXISTS `avatar`;
CREATE TABLE `avatar`  (
  `id` int(11) NOT NULL AUTO_INCREMENT,
  `filename` varchar(255) CHARACTER SET utf8 COLLATE utf8_general_ci NOT NULL,
  `mimetype` varchar(30) CHARACTER SET utf8 COLLATE utf8_general_ci NULL DEFAULT NULL,
  `size` int(11) NULL DEFAULT NULL,
  `user_id` int(11) NULL DEFAULT NULL,
  `createAt` timestamp(0) NOT NULL DEFAULT CURRENT_TIMESTAMP(0),
  `updateAt` timestamp(0) NOT NULL DEFAULT CURRENT_TIMESTAMP(0) ON UPDATE CURRENT_TIMESTAMP(0),
  PRIMARY KEY (`id`) USING BTREE,
  UNIQUE INDEX `filename`(`filename`) USING BTREE,
  INDEX `user_id`(`user_id`) USING BTREE,
  CONSTRAINT `avatar_ibfk_1` FOREIGN KEY (`user_id`) REFERENCES `user` (`id`) ON DELETE CASCADE ON UPDATE CASCADE
) ENGINE = InnoDB AUTO_INCREMENT = 11 CHARACTER SET = utf8 COLLATE = utf8_general_ci ROW_FORMAT = Dynamic;

-- ----------------------------
-- Records of avatar
-- ----------------------------
INSERT INTO `avatar` VALUES (8, '1610436876936.png', 'image/png', 373618, 6, '2021-01-12 15:34:37', '2021-01-12 15:34:37');
INSERT INTO `avatar` VALUES (9, '1610443513888.png', 'image/png', 373618, 5, '2021-01-12 17:25:14', '2021-01-12 17:25:14');
INSERT INTO `avatar` VALUES (10, '1610443548843.png', 'image/png', 373618, 6, '2021-01-12 17:25:49', '2021-01-12 17:25:49');

-- ----------------------------
-- Table structure for comment
-- ----------------------------
DROP TABLE IF EXISTS `comment`;
CREATE TABLE `comment`  (
  `id` int(11) NOT NULL AUTO_INCREMENT,
  `content` varchar(1000) CHARACTER SET utf8 COLLATE utf8_general_ci NOT NULL,
  `moment_id` int(11) NOT NULL,
  `user_id` int(11) NOT NULL,
  `comment_id` int(11) NULL DEFAULT NULL,
  `createAt` timestamp(0) NOT NULL DEFAULT CURRENT_TIMESTAMP(0),
  `updateAt` timestamp(0) NOT NULL DEFAULT CURRENT_TIMESTAMP(0) ON UPDATE CURRENT_TIMESTAMP(0),
  PRIMARY KEY (`id`) USING BTREE,
  INDEX `moment_id`(`moment_id`) USING BTREE,
  INDEX `user_id`(`user_id`) USING BTREE,
  INDEX `comment_id`(`comment_id`) USING BTREE,
  CONSTRAINT `comment_ibfk_1` FOREIGN KEY (`moment_id`) REFERENCES `moment` (`id`) ON DELETE CASCADE ON UPDATE CASCADE,
  CONSTRAINT `comment_ibfk_2` FOREIGN KEY (`user_id`) REFERENCES `user` (`id`) ON DELETE CASCADE ON UPDATE CASCADE,
  CONSTRAINT `comment_ibfk_3` FOREIGN KEY (`comment_id`) REFERENCES `comment` (`id`) ON DELETE CASCADE ON UPDATE CASCADE
) ENGINE = InnoDB AUTO_INCREMENT = 4 CHARACTER SET = utf8 COLLATE = utf8_general_ci ROW_FORMAT = Dynamic;

-- ----------------------------
-- Records of comment
-- ----------------------------
INSERT INTO `comment` VALUES (3, '66666666', 1, 6, NULL, '2021-01-09 10:04:49', '2021-01-09 10:04:49');

-- ----------------------------
-- Table structure for file
-- ----------------------------
DROP TABLE IF EXISTS `file`;
CREATE TABLE `file`  (
  `id` int(11) NOT NULL AUTO_INCREMENT,
  `filename` varchar(100) CHARACTER SET utf8 COLLATE utf8_general_ci NOT NULL,
  `mimetype` varchar(30) CHARACTER SET utf8 COLLATE utf8_general_ci NULL DEFAULT NULL,
  `size` int(11) NULL DEFAULT NULL,
  `moment_id` int(11) NULL DEFAULT NULL,
  `user_id` int(11) NULL DEFAULT NULL,
  `createAt` timestamp(0) NOT NULL DEFAULT CURRENT_TIMESTAMP(0),
  `updateAt` timestamp(0) NOT NULL DEFAULT CURRENT_TIMESTAMP(0) ON UPDATE CURRENT_TIMESTAMP(0),
  PRIMARY KEY (`id`) USING BTREE,
  UNIQUE INDEX `filename`(`filename`) USING BTREE,
  INDEX `user_id`(`user_id`) USING BTREE,
  INDEX `moment_id`(`moment_id`) USING BTREE,
  CONSTRAINT `file_ibfk_1` FOREIGN KEY (`user_id`) REFERENCES `user` (`id`) ON DELETE CASCADE ON UPDATE CASCADE,
  CONSTRAINT `file_ibfk_2` FOREIGN KEY (`moment_id`) REFERENCES `moment` (`id`) ON DELETE CASCADE ON UPDATE CASCADE
) ENGINE = InnoDB AUTO_INCREMENT = 14 CHARACTER SET = utf8 COLLATE = utf8_general_ci ROW_FORMAT = Dynamic;

-- ----------------------------
-- Records of file
-- ----------------------------
INSERT INTO `file` VALUES (8, '1610439599533.png', 'image/png', 350096, 1, 6, '2021-01-12 16:20:02', '2021-01-12 16:20:02');
INSERT INTO `file` VALUES (9, '1610439599833.png', 'image/png', 373618, 1, 6, '2021-01-12 16:20:02', '2021-01-12 16:20:02');
INSERT INTO `file` VALUES (10, '1610439599933.png', 'image/png', 270577, 1, 6, '2021-01-12 16:20:02', '2021-01-12 16:20:02');
INSERT INTO `file` VALUES (11, '1610440007612.png', 'image/png', 350096, 1, 6, '2021-01-12 16:26:48', '2021-01-12 16:26:48');
INSERT INTO `file` VALUES (12, '1610440007973.png', 'image/png', 373618, 1, 6, '2021-01-12 16:26:48', '2021-01-12 16:26:48');
INSERT INTO `file` VALUES (13, '1610440008120.png', 'image/png', 270577, 1, 6, '2021-01-12 16:26:50', '2021-01-12 16:26:50');

-- ----------------------------
-- Table structure for label
-- ----------------------------
DROP TABLE IF EXISTS `label`;
CREATE TABLE `label`  (
  `id` int(11) NOT NULL AUTO_INCREMENT,
  `name` varchar(10) CHARACTER SET utf8 COLLATE utf8_general_ci NOT NULL,
  `createAt` timestamp(0) NOT NULL DEFAULT CURRENT_TIMESTAMP(0),
  `updateAt` timestamp(0) NOT NULL DEFAULT CURRENT_TIMESTAMP(0) ON UPDATE CURRENT_TIMESTAMP(0),
  PRIMARY KEY (`id`) USING BTREE,
  UNIQUE INDEX `name`(`name`) USING BTREE
) ENGINE = InnoDB AUTO_INCREMENT = 8 CHARACTER SET = utf8 COLLATE = utf8_general_ci ROW_FORMAT = Dynamic;

-- ----------------------------
-- Records of label
-- ----------------------------
INSERT INTO `label` VALUES (1, '前端', '2021-01-09 15:40:46', '2021-01-09 15:40:46');
INSERT INTO `label` VALUES (2, '文学', '2021-01-09 15:42:57', '2021-01-09 15:42:57');
INSERT INTO `label` VALUES (3, '爱情', '2021-01-09 15:43:02', '2021-01-09 15:43:02');
INSERT INTO `label` VALUES (4, '青春', '2021-01-09 15:43:07', '2021-01-09 15:43:07');
INSERT INTO `label` VALUES (5, '编程', '2021-01-09 16:36:09', '2021-01-09 16:36:09');
INSERT INTO `label` VALUES (6, '开发语言', '2021-01-09 16:36:09', '2021-01-09 16:36:09');
INSERT INTO `label` VALUES (7, 'js', '2021-01-09 16:36:09', '2021-01-09 16:36:09');

-- ----------------------------
-- Table structure for moment
-- ----------------------------
DROP TABLE IF EXISTS `moment`;
CREATE TABLE `moment`  (
  `id` int(11) NOT NULL AUTO_INCREMENT,
  `content` varchar(1000) CHARACTER SET utf8 COLLATE utf8_general_ci NOT NULL,
  `user_id` int(11) NOT NULL,
  `createAt` timestamp(0) NOT NULL DEFAULT CURRENT_TIMESTAMP(0),
  `updateAt` timestamp(0) NOT NULL DEFAULT CURRENT_TIMESTAMP(0) ON UPDATE CURRENT_TIMESTAMP(0),
  PRIMARY KEY (`id`) USING BTREE,
  INDEX `user_id`(`user_id`) USING BTREE,
  CONSTRAINT `moment_ibfk_1` FOREIGN KEY (`user_id`) REFERENCES `user` (`id`) ON DELETE RESTRICT ON UPDATE RESTRICT
) ENGINE = InnoDB AUTO_INCREMENT = 6 CHARACTER SET = utf8 COLLATE = utf8_general_ci ROW_FORMAT = Dynamic;

-- ----------------------------
-- Records of moment
-- ----------------------------
INSERT INTO `moment` VALUES (1, '你好呀', 4, '2021-01-07 17:19:53', '2021-01-07 17:19:53');
INSERT INTO `moment` VALUES (2, 'PHP是世界上最好的语言', 4, '2021-01-07 18:08:31', '2021-01-07 18:08:31');
INSERT INTO `moment` VALUES (3, 'js才是世界上最好的语言', 5, '2021-01-08 11:34:47', '2021-01-08 11:34:47');
INSERT INTO `moment` VALUES (4, 'php不是世界上最好的语言', 5, '2021-01-08 11:35:20', '2021-01-08 11:35:20');
INSERT INTO `moment` VALUES (5, '了解真相，才能获取真正的自由~', 6, '2021-01-08 11:36:16', '2021-01-08 11:45:29');

-- ----------------------------
-- Table structure for moment_label
-- ----------------------------
DROP TABLE IF EXISTS `moment_label`;
CREATE TABLE `moment_label`  (
  `moment_id` int(11) NOT NULL,
  `label_id` int(11) NOT NULL,
  `createAt` timestamp(0) NOT NULL DEFAULT CURRENT_TIMESTAMP(0),
  `updateAt` timestamp(0) NOT NULL DEFAULT CURRENT_TIMESTAMP(0) ON UPDATE CURRENT_TIMESTAMP(0),
  PRIMARY KEY (`moment_id`, `label_id`) USING BTREE,
  INDEX `label_id`(`label_id`) USING BTREE,
  CONSTRAINT `moment_label_ibfk_1` FOREIGN KEY (`moment_id`) REFERENCES `moment` (`id`) ON DELETE CASCADE ON UPDATE CASCADE,
  CONSTRAINT `moment_label_ibfk_2` FOREIGN KEY (`label_id`) REFERENCES `label` (`id`) ON DELETE CASCADE ON UPDATE CASCADE
) ENGINE = InnoDB CHARACTER SET = utf8 COLLATE = utf8_general_ci ROW_FORMAT = Dynamic;

-- ----------------------------
-- Records of moment_label
-- ----------------------------
INSERT INTO `moment_label` VALUES (5, 3, '2021-01-09 17:06:52', '2021-01-09 17:06:52');
INSERT INTO `moment_label` VALUES (5, 5, '2021-01-09 17:04:10', '2021-01-09 17:04:10');
INSERT INTO `moment_label` VALUES (5, 6, '2021-01-09 17:04:10', '2021-01-09 17:04:10');
INSERT INTO `moment_label` VALUES (5, 7, '2021-01-09 17:04:10', '2021-01-09 17:04:10');

-- ----------------------------
-- Table structure for tag
-- ----------------------------
DROP TABLE IF EXISTS `tag`;
CREATE TABLE `tag`  (
  `id` int(11) NOT NULL AUTO_INCREMENT,
  `name` varchar(10) CHARACTER SET utf8 COLLATE utf8_general_ci NOT NULL,
  `createAt` timestamp(0) NOT NULL DEFAULT CURRENT_TIMESTAMP(0),
  `updateAt` timestamp(0) NOT NULL DEFAULT CURRENT_TIMESTAMP(0) ON UPDATE CURRENT_TIMESTAMP(0),
  PRIMARY KEY (`id`) USING BTREE,
  UNIQUE INDEX `name`(`name`) USING BTREE
) ENGINE = InnoDB AUTO_INCREMENT = 28 CHARACTER SET = utf8 COLLATE = utf8_general_ci ROW_FORMAT = Dynamic;

-- ----------------------------
-- Records of tag
-- ----------------------------
INSERT INTO `tag` VALUES (1, '动漫男生', '2021-01-27 10:00:47', '2021-01-27 10:00:47');
INSERT INTO `tag` VALUES (2, '动漫女生', '2021-01-27 10:01:31', '2021-01-27 10:01:31');
INSERT INTO `tag` VALUES (3, '游戏', '2021-01-27 10:02:15', '2021-01-27 10:02:15');
INSERT INTO `tag` VALUES (4, '插画', '2021-01-27 10:02:22', '2021-01-27 10:02:22');
INSERT INTO `tag` VALUES (5, '小姐姐', '2021-01-27 10:02:30', '2021-01-27 10:02:30');
INSERT INTO `tag` VALUES (6, '小哥哥', '2021-01-27 10:02:37', '2021-01-27 10:02:37');
INSERT INTO `tag` VALUES (7, '文字控', '2021-01-27 10:42:32', '2021-01-27 10:42:32');
INSERT INTO `tag` VALUES (8, '静物', '2021-01-27 10:42:53', '2021-01-27 10:42:53');
INSERT INTO `tag` VALUES (9, '创意', '2021-01-27 10:43:13', '2021-01-27 10:43:13');
INSERT INTO `tag` VALUES (10, '简约', '2021-01-27 10:52:39', '2021-01-27 10:52:39');
INSERT INTO `tag` VALUES (11, '风景', '2021-01-27 11:22:44', '2021-01-27 11:22:44');
INSERT INTO `tag` VALUES (12, '城市&道路', '2021-01-27 11:23:03', '2021-01-27 11:23:03');
INSERT INTO `tag` VALUES (13, '萌宠', '2021-01-27 11:23:12', '2021-01-27 11:23:12');
INSERT INTO `tag` VALUES (14, '个性潮图', '2021-01-27 11:23:22', '2021-01-27 11:23:22');
INSERT INTO `tag` VALUES (15, '速度激情', '2021-01-27 11:23:40', '2021-01-27 11:23:40');
INSERT INTO `tag` VALUES (16, '宇宙星云', '2021-01-27 11:23:51', '2021-01-27 11:23:51');
INSERT INTO `tag` VALUES (17, '影视', '2021-01-27 11:23:58', '2021-01-27 11:23:58');
INSERT INTO `tag` VALUES (18, '其他', '2021-01-27 11:24:05', '2021-01-27 11:24:05');
INSERT INTO `tag` VALUES (19, '电脑壁纸', '2021-01-27 11:24:14', '2021-01-27 11:24:14');
INSERT INTO `tag` VALUES (20, 'menhear酱', '2021-01-27 11:25:21', '2021-01-27 11:25:21');
INSERT INTO `tag` VALUES (21, '手机壁纸', '2021-01-27 13:29:03', '2021-01-27 13:29:03');
INSERT INTO `tag` VALUES (22, '宫崎骏', '2021-01-27 20:26:15', '2021-01-27 20:26:15');
INSERT INTO `tag` VALUES (23, '海贼王', '2021-01-27 21:19:29', '2021-01-27 21:19:29');
INSERT INTO `tag` VALUES (24, '励志', '2021-01-27 21:20:28', '2021-01-27 21:20:28');
INSERT INTO `tag` VALUES (25, '一人之下', '2021-01-27 21:35:17', '2021-01-27 21:35:17');
INSERT INTO `tag` VALUES (26, 'shaft', '2021-01-27 21:53:13', '2021-01-27 21:53:13');
INSERT INTO `tag` VALUES (27, '火影忍者', '2021-01-28 20:40:41', '2021-01-28 20:40:41');

-- ----------------------------
-- Table structure for user
-- ----------------------------
DROP TABLE IF EXISTS `user`;
CREATE TABLE `user`  (
  `id` int(11) NOT NULL AUTO_INCREMENT,
  `name` varchar(30) CHARACTER SET utf8 COLLATE utf8_general_ci NOT NULL,
  `password` varchar(50) CHARACTER SET utf8 COLLATE utf8_general_ci NOT NULL,
  `createAt` timestamp(0) NOT NULL DEFAULT CURRENT_TIMESTAMP(0),
  `updateAt` timestamp(0) NOT NULL DEFAULT CURRENT_TIMESTAMP(0) ON UPDATE CURRENT_TIMESTAMP(0),
  `avatar_url` varchar(200) CHARACTER SET utf8 COLLATE utf8_general_ci NULL DEFAULT NULL,
  PRIMARY KEY (`id`) USING BTREE,
  UNIQUE INDEX `name`(`name`) USING BTREE
) ENGINE = InnoDB AUTO_INCREMENT = 7 CHARACTER SET = utf8 COLLATE = utf8_general_ci ROW_FORMAT = Dynamic;

-- ----------------------------
-- Records of user
-- ----------------------------
INSERT INTO `user` VALUES (1, 'xxch', '123456', '2021-01-06 13:42:51', '2021-01-06 13:42:51', NULL);
INSERT INTO `user` VALUES (2, 'coder', '123456', '2021-01-06 15:01:44', '2021-01-06 15:01:44', NULL);
INSERT INTO `user` VALUES (3, 'zs', '123456', '2021-01-07 08:44:09', '2021-01-07 08:44:09', NULL);
INSERT INTO `user` VALUES (4, 'ls', 'e10adc3949ba59abbe56e057f20f883e', '2021-01-07 09:34:26', '2021-01-07 09:34:26', NULL);
INSERT INTO `user` VALUES (5, 'ww', 'fcea920f7412b5da7be0cf42b8c93759', '2021-01-07 09:37:19', '2021-01-12 17:25:14', 'http://123.56.1.202:8005/users/5/avatar');
INSERT INTO `user` VALUES (6, 'lilei', 'fcea920f7412b5da7be0cf42b8c93759', '2021-01-07 09:38:48', '2021-01-12 17:25:49', 'http://123.56.1.202:8005/users/6/avatar');

-- ----------------------------
-- Table structure for wallpaper
-- ----------------------------
DROP TABLE IF EXISTS `wallpaper`;
CREATE TABLE `wallpaper`  (
  `id` int(11) NOT NULL AUTO_INCREMENT,
  `img_url` varchar(255) CHARACTER SET utf8 COLLATE utf8_general_ci NOT NULL,
  `size` int(11) NULL DEFAULT NULL,
  `user_id` int(11) NULL DEFAULT NULL,
  `createAt` timestamp(0) NOT NULL DEFAULT CURRENT_TIMESTAMP(0),
  `updateAt` timestamp(0) NOT NULL DEFAULT CURRENT_TIMESTAMP(0) ON UPDATE CURRENT_TIMESTAMP(0),
  `img_id` int(11) NULL DEFAULT NULL,
  PRIMARY KEY (`id`) USING BTREE,
  UNIQUE INDEX `img_url`(`img_url`) USING BTREE,
  INDEX `user_id`(`user_id`) USING BTREE,
  CONSTRAINT `wallpaper_ibfk_1` FOREIGN KEY (`user_id`) REFERENCES `user` (`id`) ON DELETE CASCADE ON UPDATE CASCADE
) ENGINE = InnoDB AUTO_INCREMENT = 246 CHARACTER SET = utf8 COLLATE = utf8_general_ci ROW_FORMAT = Dynamic;

-- ----------------------------
-- Records of wallpaper
-- ----------------------------
INSERT INTO `wallpaper` VALUES (11, 'http://free-cn-01.cdn.bilnn.com/asf/jfs/t1/166263/33/4499/92604/6010d360E66aae37b/af7df4e3a7ccf74b.jpg', 92604, NULL, '2021-01-27 10:43:44', '2021-01-27 10:43:44', 81233054);
INSERT INTO `wallpaper` VALUES (12, 'http://free-cn-01.cdn.bilnn.com/asf/jfs/t1/156977/33/7800/93988/6010d458E4e9f39de/59b92d721580d8b2.jpg', 93988, NULL, '2021-01-27 10:47:52', '2021-01-27 10:47:52', 81233055);
INSERT INTO `wallpaper` VALUES (13, 'http://free-cn-01.cdn.bilnn.com/asf/jfs/t1/151102/4/17281/62102/6010d59dE0c0a0afc/d9a3f82c4e45c7f2.jpg', 62102, NULL, '2021-01-27 10:53:17', '2021-01-27 10:53:17', 81233056);
INSERT INTO `wallpaper` VALUES (14, 'http://free-cn-01.cdn.bilnn.com/asf/jfs/t1/169998/9/4540/60611/6010da80E13931de7/293b9e7beba7c28d.jpg', 60611, NULL, '2021-01-27 11:14:08', '2021-01-27 11:14:08', 81233057);
INSERT INTO `wallpaper` VALUES (15, 'http://free-cn-01.cdn.bilnn.com/asf/jfs/t1/160938/39/4538/130955/6010dc2fE00fe67e2/03a25d2bc6100864.jpg', 130955, NULL, '2021-01-27 11:21:19', '2021-01-27 11:21:19', 81233058);
INSERT INTO `wallpaper` VALUES (16, 'http://free-cn-01.cdn.bilnn.com/asf/jfs/t1/170234/10/4440/378369/6010dc53E534cfbcd/9733d04eede75210.jpg', 378369, NULL, '2021-01-27 11:21:55', '2021-01-27 11:21:55', 81233059);
INSERT INTO `wallpaper` VALUES (17, 'http://free-cn-01.cdn.bilnn.com/asf/jfs/t1/165836/22/4006/72777/6010dc6eE67065030/dbfe12a0988a37cb.jpg', 72777, NULL, '2021-01-27 11:22:22', '2021-01-27 11:22:22', 81233060);
INSERT INTO `wallpaper` VALUES (18, 'http://free-cn-01.cdn.bilnn.com/asf/jfs/t1/159723/20/4806/195206/6010dd43E383ae4f2/8815d986e45c1ecd.jpg', 195206, NULL, '2021-01-27 11:25:55', '2021-01-27 11:25:55', 81233061);
INSERT INTO `wallpaper` VALUES (19, 'http://free-cn-01.cdn.bilnn.com/asf/jfs/t1/160032/7/5207/245554/601107d4E58674408/0f712674176f9476.png', 245554, NULL, '2021-01-27 14:27:32', '2021-01-27 14:27:32', 81233069);
INSERT INTO `wallpaper` VALUES (20, 'http://free-cn-01.cdn.bilnn.com/asf/jfs/t1/171279/23/4470/103641/6011083bE3fb911cf/ebf06fc61aa6b9cf.jpg', 103641, NULL, '2021-01-27 14:29:15', '2021-01-27 14:29:15', 81233070);
INSERT INTO `wallpaper` VALUES (21, 'http://free-cn-01.cdn.bilnn.com/asf/jfs/t1/155590/33/7759/63208/60110a8cE433feb48/763a85008b8c0e37.jpg', 63208, NULL, '2021-01-27 14:39:08', '2021-01-27 14:39:08', 81233071);
INSERT INTO `wallpaper` VALUES (22, 'http://free-cn-01.cdn.bilnn.com/asf/jfs/t1/151965/31/16007/173206/6011125dEc00eb08d/276eb47fa1fa58cd.jpg', 173206, NULL, '2021-01-27 15:12:29', '2021-01-27 15:12:29', 81233072);
INSERT INTO `wallpaper` VALUES (23, 'http://free-cn-01.cdn.bilnn.com/asf/jfs/t1/164931/14/4481/234469/60111280E7167cca8/0f39395412eb581c.jpg', 234469, NULL, '2021-01-27 15:13:04', '2021-01-27 15:13:04', 81233073);
INSERT INTO `wallpaper` VALUES (24, 'http://free-cn-01.cdn.bilnn.com/asf/jfs/t1/171424/29/4429/232820/6011129bE159fa201/e82f8ddea8e7fa18.jpg', 232820, NULL, '2021-01-27 15:13:31', '2021-01-27 15:13:31', 81233074);
INSERT INTO `wallpaper` VALUES (25, 'http://free-cn-01.cdn.bilnn.com/asf/jfs/t1/153735/3/16410/192951/601112abE1a83de82/6068102466a97ecb.jpg', 192951, NULL, '2021-01-27 15:13:48', '2021-01-27 15:13:48', 81233075);
INSERT INTO `wallpaper` VALUES (26, 'http://free-cn-01.cdn.bilnn.com/asf/jfs/t1/163786/35/4580/224292/601112bfE51e831e8/c4e8cdfb0b54c786.jpg', 224292, NULL, '2021-01-27 15:14:07', '2021-01-27 15:14:07', 81233076);
INSERT INTO `wallpaper` VALUES (27, 'http://free-cn-01.cdn.bilnn.com/asf/jfs/t1/159907/27/5047/210774/601112fbE4204122a/59038feb63358f16.jpg', 210774, NULL, '2021-01-27 15:15:07', '2021-01-27 15:15:07', 81233077);
INSERT INTO `wallpaper` VALUES (28, 'http://free-cn-01.cdn.bilnn.com/asf/jfs/t1/158414/15/4506/137380/6011130bE8d2242e2/9b2ba33b2971758e.jpg', 137380, NULL, '2021-01-27 15:15:23', '2021-01-27 15:15:23', 81233078);
INSERT INTO `wallpaper` VALUES (29, 'http://free-cn-01.cdn.bilnn.com/asf/jfs/t1/166688/19/4109/108960/60111331E1aa2ca5e/f01242efb00089f2.jpg', 108960, NULL, '2021-01-27 15:16:01', '2021-01-27 15:16:01', 81233079);
INSERT INTO `wallpaper` VALUES (30, 'http://free-cn-01.cdn.bilnn.com/asf/jfs/t1/160372/26/4786/293950/6011146bEa124a51f/9b30cf3b947f598c.jpg', 293950, NULL, '2021-01-27 15:21:15', '2021-01-27 15:21:15', 81233080);
INSERT INTO `wallpaper` VALUES (31, 'http://free-cn-01.cdn.bilnn.com/asf/jfs/t1/162818/24/4574/244990/60111497Ec1504bfd/0cec7ed5e4033d4d.jpg', 244990, NULL, '2021-01-27 15:21:59', '2021-01-27 15:21:59', 81233081);
INSERT INTO `wallpaper` VALUES (32, 'http://free-cn-01.cdn.bilnn.com/asf/jfs/t1/155854/15/7816/51851/60115bfcE5a2c96f7/c510756ffe6f0880.jpg', 51851, NULL, '2021-01-27 20:26:36', '2021-01-27 20:26:36', 81233082);
INSERT INTO `wallpaper` VALUES (33, 'http://free-cn-01.cdn.bilnn.com/asf/jfs/t1/167932/40/4564/74811/6011670fEae476726/139c996ac357661c.jpg', 74811, NULL, '2021-01-27 21:13:51', '2021-01-27 21:13:51', 81233085);
INSERT INTO `wallpaper` VALUES (34, 'http://free-cn-01.cdn.bilnn.com/asf/jfs/t1/170614/14/4499/47285/60116744E2c0adfd9/1c5e10035b4ededb.jpg', 47285, NULL, '2021-01-27 21:14:44', '2021-01-27 21:14:44', 81233086);
INSERT INTO `wallpaper` VALUES (35, 'http://free-cn-01.cdn.bilnn.com/asf/jfs/t1/167193/6/4275/58508/60116766E0a744293/8c4c4b38786b5df0.jpg', 58508, NULL, '2021-01-27 21:15:18', '2021-01-27 21:15:18', 81233087);
INSERT INTO `wallpaper` VALUES (36, 'http://free-cn-01.cdn.bilnn.com/asf/jfs/t1/157490/4/5164/55796/60116780Ec96f19ac/7ea47cadf2a938b4.jpg', 55796, NULL, '2021-01-27 21:15:44', '2021-01-27 21:15:44', 81233088);
INSERT INTO `wallpaper` VALUES (37, 'http://free-cn-01.cdn.bilnn.com/asf/jfs/t1/156211/9/7898/127093/601167aaE1b68a6c6/c425aaf9ed196b36.jpg', 127093, NULL, '2021-01-27 21:16:26', '2021-01-27 21:16:26', 81233089);
INSERT INTO `wallpaper` VALUES (38, 'http://free-cn-01.cdn.bilnn.com/asf/jfs/t1/170152/28/4558/365412/601167caEff32d033/c96e5f4a98de9bd1.png', 365412, NULL, '2021-01-27 21:16:58', '2021-01-27 21:16:58', 81233090);
INSERT INTO `wallpaper` VALUES (39, 'http://free-cn-01.cdn.bilnn.com/asf/jfs/t1/170450/9/4636/28370/601167e4E43260ce6/751515f656891245.jpg', 28370, NULL, '2021-01-27 21:17:24', '2021-01-27 21:17:24', 81233091);
INSERT INTO `wallpaper` VALUES (40, 'http://free-cn-01.cdn.bilnn.com/asf/jfs/t1/166072/15/4379/38655/60116885E6361758e/91d20e9d9363dd57.jpg', 38655, NULL, '2021-01-27 21:20:05', '2021-01-27 21:20:05', 81233092);
INSERT INTO `wallpaper` VALUES (41, 'http://free-cn-01.cdn.bilnn.com/asf/jfs/t1/150615/36/16903/74867/601168b5E0fde95d7/88adfaf9b06a69b1.jpg', 74867, NULL, '2021-01-27 21:20:53', '2021-01-27 21:20:53', 81233093);
INSERT INTO `wallpaper` VALUES (42, 'http://free-cn-01.cdn.bilnn.com/asf/jfs/t1/168883/32/4491/225094/6011691eE9fdb468b/cfe2ad7f7d1c5158.jpg', 225094, NULL, '2021-01-27 21:22:38', '2021-01-27 21:22:38', 81233094);
INSERT INTO `wallpaper` VALUES (43, 'http://free-cn-01.cdn.bilnn.com/asf/jfs/t1/168525/7/4387/374413/601169d9E8c2a281e/9075d2fdc33f4803.jpg', 374413, NULL, '2021-01-27 21:25:45', '2021-01-27 21:25:45', 81233095);
INSERT INTO `wallpaper` VALUES (44, 'http://free-cn-01.cdn.bilnn.com/asf/jfs/t1/150374/4/17165/100344/60116a11Ebb953f65/f26c1f1ef48bdacf.jpg', 100344, NULL, '2021-01-27 21:26:41', '2021-01-27 21:26:41', 81233096);
INSERT INTO `wallpaper` VALUES (45, 'http://free-cn-01.cdn.bilnn.com/asf/jfs/t1/162595/12/4336/133143/60116a3bEc655fb51/42f6f3e1c067c96f.jpg', 133143, NULL, '2021-01-27 21:27:23', '2021-01-27 21:27:23', 81233097);
INSERT INTO `wallpaper` VALUES (46, 'http://free-cn-01.cdn.bilnn.com/asf/jfs/t1/157402/35/5210/113456/60116a4eEac8c447a/3661152b2beb340b.jpg', 113456, NULL, '2021-01-27 21:27:42', '2021-01-27 21:27:42', 81233098);
INSERT INTO `wallpaper` VALUES (47, 'http://free-cn-01.cdn.bilnn.com/asf/jfs/t1/162637/3/4431/135315/60116a62Eb27c859a/277fc84629342a8d.jpg', 135315, NULL, '2021-01-27 21:28:02', '2021-01-27 21:28:02', 81233099);
INSERT INTO `wallpaper` VALUES (48, 'http://free-cn-01.cdn.bilnn.com/asf/jfs/t1/156698/32/7780/97226/60116a80E03740b70/9b064de9da03c449.jpg', 97226, NULL, '2021-01-27 21:28:32', '2021-01-27 21:28:32', 81233100);
INSERT INTO `wallpaper` VALUES (49, 'http://free-cn-01.cdn.bilnn.com/asf/jfs/t1/169725/30/4558/137267/60116a91E3b5579d2/8f86595491b3f0ae.jpg', 137267, NULL, '2021-01-27 21:28:49', '2021-01-27 21:28:49', 81233101);
INSERT INTO `wallpaper` VALUES (50, 'http://free-cn-01.cdn.bilnn.com/asf/jfs/t1/163956/11/4541/52133/60116aa3E98709545/46f97e52849d3248.jpg', 52133, NULL, '2021-01-27 21:29:07', '2021-01-27 21:29:07', 81233102);
INSERT INTO `wallpaper` VALUES (51, 'http://free-cn-01.cdn.bilnn.com/asf/jfs/t1/161247/32/4559/103641/60116b11Ef2c2c3f9/8559e105101309a6.jpg', 103641, NULL, '2021-01-27 21:30:57', '2021-01-27 21:30:57', 81233103);
INSERT INTO `wallpaper` VALUES (52, 'http://free-cn-01.cdn.bilnn.com/asf/jfs/t1/156331/32/7795/104472/60116b21E042e5e07/60a3c6b1fc560da9.jpg', 104472, NULL, '2021-01-27 21:31:13', '2021-01-27 21:31:13', 81233104);
INSERT INTO `wallpaper` VALUES (53, 'http://free-cn-01.cdn.bilnn.com/asf/jfs/t1/168191/36/4602/74110/60116b6fE4edc7c72/4d5d3f3613ca141f.jpg', 74110, NULL, '2021-01-27 21:32:31', '2021-01-27 21:32:31', 81233105);
INSERT INTO `wallpaper` VALUES (54, 'http://free-cn-01.cdn.bilnn.com/asf/jfs/t1/165419/40/4768/86588/60116b8bEa5d0da55/893824edc163766b.jpg', 86588, NULL, '2021-01-27 21:32:59', '2021-01-27 21:32:59', 81233106);
INSERT INTO `wallpaper` VALUES (55, 'http://free-cn-01.cdn.bilnn.com/asf/jfs/t1/159835/34/5187/760837/60116bcaE848bac38/dab6e5db562289b5.png', 760837, NULL, '2021-01-27 21:34:02', '2021-01-27 21:34:02', 81233107);
INSERT INTO `wallpaper` VALUES (56, 'http://free-cn-01.cdn.bilnn.com/asf/jfs/t1/161654/25/4565/229524/60116beaE1648bde9/e93e1ca201c0a553.jpg', 229524, NULL, '2021-01-27 21:34:34', '2021-01-27 21:34:34', 81233108);
INSERT INTO `wallpaper` VALUES (57, 'http://free-cn-01.cdn.bilnn.com/asf/jfs/t1/166870/36/4337/36305/60116c31Ed8dfdf8d/88e8c0d07fe55187.jpg', 36305, NULL, '2021-01-27 21:35:46', '2021-01-27 21:35:46', 81233109);
INSERT INTO `wallpaper` VALUES (58, 'http://free-cn-01.cdn.bilnn.com/asf/jfs/t1/153466/37/16159/185749/60116c4eE4337007e/c47645cd0ad2d215.jpg', 185749, NULL, '2021-01-27 21:36:14', '2021-01-27 21:36:14', 81233110);
INSERT INTO `wallpaper` VALUES (59, 'http://free-cn-01.cdn.bilnn.com/asf/jfs/t1/150992/25/17141/315811/60116c6aEf6c5d5ee/cd09ad254c4fd392.jpg', 315811, NULL, '2021-01-27 21:36:43', '2021-01-27 21:36:43', 81233111);
INSERT INTO `wallpaper` VALUES (60, 'http://free-cn-01.cdn.bilnn.com/asf/jfs/t1/166225/5/4380/90263/60116d92E3d33661d/32619a5ee1341064.jpg', 90263, NULL, '2021-01-27 21:41:38', '2021-01-27 21:41:38', 81233112);
INSERT INTO `wallpaper` VALUES (61, 'http://free-cn-01.cdn.bilnn.com/asf/jfs/t1/152814/25/15003/92577/60116dbaE84eeba32/2ab56c3c33822859.jpg', 92577, NULL, '2021-01-27 21:42:18', '2021-01-27 21:42:18', 81233113);
INSERT INTO `wallpaper` VALUES (62, 'http://free-cn-01.cdn.bilnn.com/asf/jfs/t1/156376/16/7856/102438/60116dd9E4a067b46/53eb3f5e20394161.jpg', 102438, NULL, '2021-01-27 21:42:49', '2021-01-27 21:42:49', 81233114);
INSERT INTO `wallpaper` VALUES (63, 'http://free-cn-01.cdn.bilnn.com/asf/jfs/t1/161046/10/4572/82648/60116e0cE0fe0640b/f91e7a8f082c7fad.jpg', 82648, NULL, '2021-01-27 21:43:40', '2021-01-27 21:43:40', 81233115);
INSERT INTO `wallpaper` VALUES (64, 'http://free-cn-01.cdn.bilnn.com/asf/jfs/t1/160557/5/4579/252188/60116e27Eb5b93ecb/2953cd8b852ad529.jpg', 252188, NULL, '2021-01-27 21:44:07', '2021-01-27 21:44:07', 81233116);
INSERT INTO `wallpaper` VALUES (65, 'http://free-cn-01.cdn.bilnn.com/asf/jfs/t1/164047/24/4534/228027/60116e41E0f21df94/7118902945061ec5.jpg', 228027, NULL, '2021-01-27 21:44:33', '2021-01-27 21:44:33', 81233117);
INSERT INTO `wallpaper` VALUES (66, 'http://free-cn-01.cdn.bilnn.com/asf/jfs/t1/170359/7/4507/58662/60116e8eE5675427d/d644e2c01bbe7eed.jpg', 58662, NULL, '2021-01-27 21:45:51', '2021-01-27 21:45:51', 81233118);
INSERT INTO `wallpaper` VALUES (67, 'http://free-cn-01.cdn.bilnn.com/asf/jfs/t1/156862/4/7827/422045/60116f33E235372f6/534525b16f18b984.jpg', 422045, NULL, '2021-01-27 21:48:35', '2021-01-27 21:48:35', 81233119);
INSERT INTO `wallpaper` VALUES (68, 'http://free-cn-01.cdn.bilnn.com/asf/jfs/t1/153475/14/16272/64796/60116f46E194e6713/cdcc1c1484f23b4e.jpg', 64796, NULL, '2021-01-27 21:48:54', '2021-01-27 21:48:54', 81233120);
INSERT INTO `wallpaper` VALUES (69, 'http://free-cn-01.cdn.bilnn.com/asf/jfs/t1/166951/7/4606/184129/60116f5bE0f285eab/a5aaa8faea9908fc.jpg', 184129, NULL, '2021-01-27 21:49:15', '2021-01-27 21:49:15', 81233121);
INSERT INTO `wallpaper` VALUES (70, 'http://free-cn-01.cdn.bilnn.com/asf/jfs/t1/164887/6/4521/312313/60116f7aE003e5724/84c91371e3e32058.jpg', 312313, NULL, '2021-01-27 21:49:46', '2021-01-27 21:49:46', 81233122);
INSERT INTO `wallpaper` VALUES (71, 'http://free-cn-01.cdn.bilnn.com/asf/jfs/t1/153995/40/16113/933432/60117088Eb1c1608a/907508a48ac02516.png', 933432, NULL, '2021-01-27 21:54:17', '2021-01-27 21:54:17', 81233123);
INSERT INTO `wallpaper` VALUES (72, 'http://free-cn-01.cdn.bilnn.com/asf/jfs/t1/159392/34/4939/106195/601171d2Eeabfd91d/a0c07375b74ab71e.jpg', 106195, NULL, '2021-01-27 21:59:46', '2021-01-27 21:59:46', 81233124);
INSERT INTO `wallpaper` VALUES (73, 'http://free-cn-01.cdn.bilnn.com/asf/jfs/t1/159537/28/5090/344853/60117995E0fcff376/c7a586c734a0f792.jpg', 344853, NULL, '2021-01-27 22:32:53', '2021-01-27 22:32:53', 81233125);
INSERT INTO `wallpaper` VALUES (74, 'http://free-cn-01.cdn.bilnn.com/asf/jfs/t1/166379/17/4462/248514/60117a24E2127de3b/8f1134b0fd2526c2.jpg', 248514, NULL, '2021-01-27 22:35:16', '2021-01-27 22:35:16', 81233126);
INSERT INTO `wallpaper` VALUES (75, 'http://free-cn-01.cdn.bilnn.com/asf/jfs/t1/170011/18/4570/933432/60121602Ee6d4addc/df0d6d2444d1eb9f.png', 933432, NULL, '2021-01-28 09:40:18', '2021-01-28 09:40:18', 81233129);
INSERT INTO `wallpaper` VALUES (76, 'http://free-cn-01.cdn.bilnn.com/asf/jfs/t1/161858/10/4672/156565/60129bceE25586489/00cca898ddd15c7e.jpg', 156565, NULL, '2021-01-28 19:11:10', '2021-01-28 19:11:10', 81233140);
INSERT INTO `wallpaper` VALUES (77, 'http://free-cn-01.cdn.bilnn.com/asf/jfs/t1/158713/36/5401/448584/60129c49E79d76853/eb975839d688dbe2.jpg', 448584, NULL, '2021-01-28 19:13:13', '2021-01-28 19:13:13', 81233141);
INSERT INTO `wallpaper` VALUES (78, 'http://free-cn-01.cdn.bilnn.com/asf/jfs/t1/162498/31/4702/907941/60129c79E643ae4c0/a27fd503a6a076ed.png', 907941, NULL, '2021-01-28 19:14:01', '2021-01-28 19:14:01', 81233142);
INSERT INTO `wallpaper` VALUES (79, 'http://free-cn-01.cdn.bilnn.com/asf/jfs/t1/165371/7/4738/85425/60129c9fEca1fbdad/f88b910510a47849.jpg', 85425, NULL, '2021-01-28 19:14:39', '2021-01-28 19:14:39', 81233143);
INSERT INTO `wallpaper` VALUES (80, 'http://free-cn-01.cdn.bilnn.com/asf/jfs/t1/157533/2/5358/71905/60129cbeEbdf78f6b/a69a68c0cc754634.jpg', 71905, NULL, '2021-01-28 19:15:10', '2021-01-28 19:15:10', 81233144);
INSERT INTO `wallpaper` VALUES (81, 'http://free-cn-01.cdn.bilnn.com/asf/jfs/t1/154710/22/16202/120573/60129cd7E233bae09/35c7716b1362f3cb.jpg', 120573, NULL, '2021-01-28 19:15:35', '2021-01-28 19:15:35', 81233145);
INSERT INTO `wallpaper` VALUES (82, 'http://free-cn-01.cdn.bilnn.com/asf/jfs/t1/162917/40/4467/376067/60129cefEb9d90ca5/d1c3d5292d069367.jpg', 376067, NULL, '2021-01-28 19:15:59', '2021-01-28 19:15:59', 81233146);
INSERT INTO `wallpaper` VALUES (83, 'http://free-cn-01.cdn.bilnn.com/asf/jfs/t1/162759/17/4447/99150/60129d07E9727e234/948a134479e5236a.jpg', 99150, NULL, '2021-01-28 19:16:23', '2021-01-28 19:16:23', 81233147);
INSERT INTO `wallpaper` VALUES (84, 'http://free-cn-01.cdn.bilnn.com/asf/jfs/t1/169060/15/4606/121525/60129d1eEc0417118/0582564687decb22.jpg', 121525, NULL, '2021-01-28 19:16:46', '2021-01-28 19:16:46', 81233148);
INSERT INTO `wallpaper` VALUES (85, 'http://free-cn-01.cdn.bilnn.com/asf/jfs/t1/162129/37/4628/105842/60129d35E64b80194/b545206fcebaa14d.jpg', 105842, NULL, '2021-01-28 19:17:09', '2021-01-28 19:17:09', 81233149);
INSERT INTO `wallpaper` VALUES (86, 'http://free-cn-01.cdn.bilnn.com/asf/jfs/t1/165551/32/4588/92694/60129d48E23f3958c/c00a6da1226bbbe6.jpg', 92694, NULL, '2021-01-28 19:17:28', '2021-01-28 19:17:28', 81233150);
INSERT INTO `wallpaper` VALUES (87, 'http://free-cn-01.cdn.bilnn.com/asf/jfs/t1/153035/20/16441/465024/60129d61E5ed346b7/66d917e66be27ca0.jpg', 465024, NULL, '2021-01-28 19:17:53', '2021-01-28 19:17:53', 81233151);
INSERT INTO `wallpaper` VALUES (88, 'http://free-cn-01.cdn.bilnn.com/asf/jfs/t1/166576/12/4665/459167/60129d79E66c4659f/11d1421cfadf8853.jpg', 459167, NULL, '2021-01-28 19:18:17', '2021-01-28 19:18:17', 81233152);
INSERT INTO `wallpaper` VALUES (89, 'http://free-cn-01.cdn.bilnn.com/asf/jfs/t1/150352/19/17538/374232/60129d96Ea5c6f418/7a39feeae895b017.jpg', 374232, NULL, '2021-01-28 19:18:46', '2021-01-28 19:18:46', 81233153);
INSERT INTO `wallpaper` VALUES (90, 'http://free-cn-01.cdn.bilnn.com/asf/jfs/t1/153369/27/16550/288318/60129da9E6a4f080c/e5ad4746c471f057.jpg', 288318, NULL, '2021-01-28 19:19:05', '2021-01-28 19:19:05', 81233154);
INSERT INTO `wallpaper` VALUES (91, 'http://free-cn-01.cdn.bilnn.com/asf/jfs/t1/165635/9/4444/210255/60129dc3Ee064db78/26a7e17981588428.jpg', 210255, NULL, '2021-01-28 19:19:31', '2021-01-28 19:19:31', 81233155);
INSERT INTO `wallpaper` VALUES (92, 'http://free-cn-01.cdn.bilnn.com/asf/jfs/t1/164522/14/4508/41231/60129dd9E90bdadfe/da6043ef5ea9ad6c.jpg', 41231, NULL, '2021-01-28 19:19:54', '2021-01-28 19:19:54', 81233156);
INSERT INTO `wallpaper` VALUES (93, 'http://free-cn-01.cdn.bilnn.com/asf/jfs/t1/163278/21/4673/51527/60129dedEdf63b403/fc28b4c96ee653ce.jpg', 51527, NULL, '2021-01-28 19:20:13', '2021-01-28 19:20:13', 81233157);
INSERT INTO `wallpaper` VALUES (94, 'http://free-cn-01.cdn.bilnn.com/asf/jfs/t1/170826/4/4691/885509/60129e0bEfc5c8a92/34e002794cdf1f93.png', 885509, NULL, '2021-01-28 19:20:43', '2021-01-28 19:20:43', 81233158);
INSERT INTO `wallpaper` VALUES (95, 'http://free-cn-01.cdn.bilnn.com/asf/jfs/t1/152094/35/15970/70198/60129e35Eef745795/d011be3afb4212a6.jpg', 70198, NULL, '2021-01-28 19:21:25', '2021-01-28 19:21:25', 81233159);
INSERT INTO `wallpaper` VALUES (96, 'http://free-cn-01.cdn.bilnn.com/asf/jfs/t1/170085/1/4788/93593/60129e55E992b54f1/ddb3d8fa53ddfda0.jpg', 93593, NULL, '2021-01-28 19:21:57', '2021-01-28 19:21:57', 81233160);
INSERT INTO `wallpaper` VALUES (97, 'http://free-cn-01.cdn.bilnn.com/asf/jfs/t1/168463/26/4317/483259/60129e6aEbdab7911/7fb1073ce51cc662.png', 483259, NULL, '2021-01-28 19:22:18', '2021-01-28 19:22:18', 81233161);
INSERT INTO `wallpaper` VALUES (98, 'http://free-cn-01.cdn.bilnn.com/asf/jfs/t1/155910/30/7992/1454102/60129e88Eaefeeb2c/3c3d206492b8a338.png', 1454102, NULL, '2021-01-28 19:22:48', '2021-01-28 19:22:48', 81233162);
INSERT INTO `wallpaper` VALUES (99, 'http://free-cn-01.cdn.bilnn.com/asf/jfs/t1/165290/16/4325/486132/60129f1fEdbc0e7dd/9551cf07c5389e14.jpg', 486132, NULL, '2021-01-28 19:25:19', '2021-01-28 19:25:19', 81233163);
INSERT INTO `wallpaper` VALUES (100, 'http://free-cn-01.cdn.bilnn.com/asf/jfs/t1/157719/33/5402/177473/60129f5bEebcf5542/284c1b046bb9582c.jpg', 177473, NULL, '2021-01-28 19:26:19', '2021-01-28 19:26:19', 81233164);
INSERT INTO `wallpaper` VALUES (101, 'http://free-cn-01.cdn.bilnn.com/asf/jfs/t1/152787/22/16287/189223/60129f8cE6986b270/1199639ea6675cd7.jpg', 189223, NULL, '2021-01-28 19:27:08', '2021-01-28 19:27:08', 81233165);
INSERT INTO `wallpaper` VALUES (102, 'http://free-cn-01.cdn.bilnn.com/asf/jfs/t1/167902/32/4794/45432/60129fa3E82b73981/59ff41b9dff58986.jpg', 45432, NULL, '2021-01-28 19:27:31', '2021-01-28 19:27:31', 81233166);
INSERT INTO `wallpaper` VALUES (103, 'http://free-cn-01.cdn.bilnn.com/asf/jfs/t1/164390/36/4477/57528/60129fceE31771cc7/7ecb64057db0d38f.jpg', 57528, NULL, '2021-01-28 19:28:14', '2021-01-28 19:28:14', 81233167);
INSERT INTO `wallpaper` VALUES (104, 'http://free-cn-01.cdn.bilnn.com/asf/jfs/t1/165229/36/4982/349440/60129fe5Edf5ae85b/aa2d3151f42bde0a.jpg', 349440, NULL, '2021-01-28 19:28:37', '2021-01-28 19:28:37', 81233168);
INSERT INTO `wallpaper` VALUES (105, 'http://free-cn-01.cdn.bilnn.com/asf/jfs/t1/151219/17/17027/348101/60129ff9Ed61d8820/2d02e5b94c3c4ac1.jpg', 348101, NULL, '2021-01-28 19:28:57', '2021-01-28 19:28:57', 81233169);
INSERT INTO `wallpaper` VALUES (106, 'http://free-cn-01.cdn.bilnn.com/asf/jfs/t1/151598/7/16620/480040/6012a018Ea34e6869/24aa4be414f10b42.jpg', 480040, NULL, '2021-01-28 19:29:29', '2021-01-28 19:29:29', 81233170);
INSERT INTO `wallpaper` VALUES (107, 'http://free-cn-01.cdn.bilnn.com/asf/jfs/t1/165585/25/4169/107484/6012a02cE5febb1a2/fb5f03a2dc8d558f.jpg', 107484, NULL, '2021-01-28 19:29:48', '2021-01-28 19:29:48', 81233171);
INSERT INTO `wallpaper` VALUES (108, 'http://free-cn-01.cdn.bilnn.com/asf/jfs/t1/166074/6/4660/97387/6012a03fE67b79948/4a5c480eab983ad8.jpg', 97387, NULL, '2021-01-28 19:30:07', '2021-01-28 19:30:07', 81233172);
INSERT INTO `wallpaper` VALUES (109, 'http://free-cn-01.cdn.bilnn.com/asf/jfs/t1/167749/28/4709/452422/6012a053Ef8030927/35f3748f9bf3a349.jpg', 452422, NULL, '2021-01-28 19:30:27', '2021-01-28 19:30:27', 81233173);
INSERT INTO `wallpaper` VALUES (110, 'http://free-cn-01.cdn.bilnn.com/asf/jfs/t1/164304/18/4686/167327/6012a068E8ed3d45c/3299315427d906f5.jpg', 167327, NULL, '2021-01-28 19:30:48', '2021-01-28 19:30:48', 81233174);
INSERT INTO `wallpaper` VALUES (111, 'http://free-cn-01.cdn.bilnn.com/asf/jfs/t1/154911/27/16292/183457/6012a07aE47a36ce1/9939fd7f3d57287f.jpg', 183457, NULL, '2021-01-28 19:31:06', '2021-01-28 19:31:06', 81233175);
INSERT INTO `wallpaper` VALUES (112, 'http://free-cn-01.cdn.bilnn.com/asf/jfs/t1/152335/1/16982/132397/6012a095Ebe2505b3/83fd8f6a81d79378.jpg', 132397, NULL, '2021-01-28 19:31:33', '2021-01-28 19:31:33', 81233176);
INSERT INTO `wallpaper` VALUES (113, 'http://free-cn-01.cdn.bilnn.com/asf/jfs/t1/151689/34/17085/112278/6012a0adEa17e6611/f768a22072254a07.jpg', 112278, NULL, '2021-01-28 19:31:57', '2021-01-28 19:31:57', 81233177);
INSERT INTO `wallpaper` VALUES (114, 'http://free-cn-01.cdn.bilnn.com/asf/jfs/t1/158444/38/5410/166443/6012a0c1E0efbd419/0289218ef0748f57.jpg', 166443, NULL, '2021-01-28 19:32:17', '2021-01-28 19:32:17', 81233178);
INSERT INTO `wallpaper` VALUES (115, 'http://free-cn-01.cdn.bilnn.com/asf/jfs/t1/157957/18/4797/88800/6012a0d7Eea0ddc5d/e32d1cf87a123034.jpg', 88800, NULL, '2021-01-28 19:32:39', '2021-01-28 19:32:39', 81233179);
INSERT INTO `wallpaper` VALUES (116, 'http://free-cn-01.cdn.bilnn.com/asf/jfs/t1/150727/28/17231/477624/6012a0eaE6926746f/840cb2d42a29cbdd.jpg', 477624, NULL, '2021-01-28 19:32:58', '2021-01-28 19:32:58', 81233180);
INSERT INTO `wallpaper` VALUES (117, 'http://free-cn-01.cdn.bilnn.com/asf/jfs/t1/152873/10/16383/106195/6012a100E92fc3aa9/10d6f5230a988ddc.jpg', 106195, NULL, '2021-01-28 19:33:20', '2021-01-28 19:33:20', 81233181);
INSERT INTO `wallpaper` VALUES (118, 'http://free-cn-01.cdn.bilnn.com/asf/jfs/t1/156892/28/8001/201039/6012a128E6d200840/2223bd4b0b660fb8.jpg', 201039, NULL, '2021-01-28 19:34:00', '2021-01-28 19:34:00', 81233182);
INSERT INTO `wallpaper` VALUES (119, 'http://free-cn-01.cdn.bilnn.com/asf/jfs/t1/167884/18/4676/1483280/6012a164Ebe22eeca/6edb5df3539c0b06.png', 1483280, NULL, '2021-01-28 19:35:00', '2021-01-28 19:35:00', 81233183);
INSERT INTO `wallpaper` VALUES (120, 'http://free-cn-01.cdn.bilnn.com/asf/jfs/t1/170782/12/4741/200750/6012a1a4E9c0f9f41/767c71fc3eb094db.jpg', 200750, NULL, '2021-01-28 19:36:04', '2021-01-28 19:36:04', 81233184);
INSERT INTO `wallpaper` VALUES (121, 'http://free-cn-01.cdn.bilnn.com/asf/jfs/t1/161979/20/4859/235193/6012a1b4Ed9ab14fb/c73e3ae035021ef0.jpg', 235193, NULL, '2021-01-28 19:36:20', '2021-01-28 19:36:20', 81233185);
INSERT INTO `wallpaper` VALUES (122, 'http://free-cn-01.cdn.bilnn.com/asf/jfs/t1/160653/26/4834/349620/6012a1d0E3114c88f/a6db8e6c947a4a92.jpg', 349620, NULL, '2021-01-28 19:36:48', '2021-01-28 19:36:48', 81233186);
INSERT INTO `wallpaper` VALUES (123, 'http://free-cn-01.cdn.bilnn.com/asf/jfs/t1/151999/5/16609/284848/6012a1e6E9a6cbf56/9558f7df0645f7ab.jpg', 284848, NULL, '2021-01-28 19:37:10', '2021-01-28 19:37:10', 81233187);
INSERT INTO `wallpaper` VALUES (124, 'http://free-cn-01.cdn.bilnn.com/asf/jfs/t1/151555/12/16232/167080/6012a1f8E4f6d3ad9/8aed8ddb5be94a38.jpg', 167080, NULL, '2021-01-28 19:37:28', '2021-01-28 19:37:28', 81233188);
INSERT INTO `wallpaper` VALUES (125, 'http://free-cn-01.cdn.bilnn.com/asf/jfs/t1/170499/12/4627/137121/6012a210E440a69eb/d2e7926cfb7b0c3c.jpg', 137121, NULL, '2021-01-28 19:37:53', '2021-01-28 19:37:53', 81233189);
INSERT INTO `wallpaper` VALUES (126, 'http://free-cn-01.cdn.bilnn.com/asf/jfs/t1/169960/25/4676/167416/6012a227E95b59aad/a9918f54aac40d91.jpg', 167416, NULL, '2021-01-28 19:38:15', '2021-01-28 19:38:15', 81233190);
INSERT INTO `wallpaper` VALUES (127, 'http://free-cn-01.cdn.bilnn.com/asf/jfs/t1/155185/15/16573/225454/6012a23aE4592d0ff/03c4d7de77b21769.jpg', 225454, NULL, '2021-01-28 19:38:34', '2021-01-28 19:38:34', 81233191);
INSERT INTO `wallpaper` VALUES (128, 'http://free-cn-01.cdn.bilnn.com/asf/jfs/t1/157029/34/5272/158730/6012a252E1af85cbc/e37776cc3f1ba38f.jpg', 158730, NULL, '2021-01-28 19:38:58', '2021-01-28 19:38:58', 81233192);
INSERT INTO `wallpaper` VALUES (129, 'http://free-cn-01.cdn.bilnn.com/asf/jfs/t1/162259/5/4842/199829/6012a263Ed5654c34/b6b0ad4a13168f84.jpg', 199829, NULL, '2021-01-28 19:39:15', '2021-01-28 19:39:15', 81233193);
INSERT INTO `wallpaper` VALUES (130, 'http://free-cn-01.cdn.bilnn.com/asf/jfs/t1/150683/32/17458/169348/6012a275E4e2e0346/397316a786b1b82c.jpg', 169348, NULL, '2021-01-28 19:39:34', '2021-01-28 19:39:34', 81233194);
INSERT INTO `wallpaper` VALUES (131, 'http://free-cn-01.cdn.bilnn.com/asf/jfs/t1/167740/27/4684/201289/6012a287E4f1a4160/af90a518c3dc8159.jpg', 201289, NULL, '2021-01-28 19:39:51', '2021-01-28 19:39:51', 81233195);
INSERT INTO `wallpaper` VALUES (132, 'http://free-cn-01.cdn.bilnn.com/asf/jfs/t1/168821/19/4684/227057/6012a29bE0e4753e7/67a1fa454f014a97.jpg', 227057, NULL, '2021-01-28 19:40:11', '2021-01-28 19:40:11', 81233196);
INSERT INTO `wallpaper` VALUES (133, 'http://free-cn-01.cdn.bilnn.com/asf/jfs/t1/153652/12/15963/178113/6012a2b0E34177687/5e4ffe0218cbecd0.jpg', 178113, NULL, '2021-01-28 19:40:32', '2021-01-28 19:40:32', 81233197);
INSERT INTO `wallpaper` VALUES (134, 'http://free-cn-01.cdn.bilnn.com/asf/jfs/t1/167752/4/4748/124459/6012a2bfEa763760d/f0daf4a1bc83af45.jpg', 124459, NULL, '2021-01-28 19:40:48', '2021-01-28 19:40:48', 81233198);
INSERT INTO `wallpaper` VALUES (135, 'http://free-cn-01.cdn.bilnn.com/asf/jfs/t1/158842/26/5313/415036/6012a2d5E207d0d04/956c2d77b7b6e54f.jpg', 415036, NULL, '2021-01-28 19:41:09', '2021-01-28 19:41:09', 81233199);
INSERT INTO `wallpaper` VALUES (136, 'http://free-cn-01.cdn.bilnn.com/asf/jfs/t1/155728/15/8045/87242/6012a2f6Ea79f41ec/0a9c2bbd4adebc85.jpg', 87242, NULL, '2021-01-28 19:41:42', '2021-01-28 19:41:42', 81233200);
INSERT INTO `wallpaper` VALUES (137, 'http://free-cn-01.cdn.bilnn.com/asf/jfs/t1/168785/32/4695/1294047/6012a85dE3a992d0d/bbb15410b5ffd523.png', 1294047, NULL, '2021-01-28 20:04:46', '2021-01-28 20:04:46', 81233201);
INSERT INTO `wallpaper` VALUES (138, 'http://free-cn-01.cdn.bilnn.com/asf/jfs/t1/160694/1/4810/245732/6012a874Ef7a46a9c/468129240fe856b7.jpg', 245732, NULL, '2021-01-28 20:05:08', '2021-01-28 20:05:08', 81233202);
INSERT INTO `wallpaper` VALUES (139, 'http://free-cn-01.cdn.bilnn.com/asf/jfs/t1/157474/32/5401/253652/6012a88eEa9058461/ea88c5b2bc811c4d.jpg', 253652, NULL, '2021-01-28 20:05:34', '2021-01-28 20:05:34', 81233203);
INSERT INTO `wallpaper` VALUES (140, 'http://free-cn-01.cdn.bilnn.com/asf/jfs/t1/167522/8/4621/73285/6012a8a4Eaf56bafe/e8bbbf282a1ab0c9.jpg', 73285, NULL, '2021-01-28 20:05:56', '2021-01-28 20:05:56', 81233204);
INSERT INTO `wallpaper` VALUES (141, 'http://free-cn-01.cdn.bilnn.com/asf/jfs/t1/159079/24/5389/192047/6012a8baE7d4caddf/bbb27963d229015a.jpg', 192047, NULL, '2021-01-28 20:06:18', '2021-01-28 20:06:18', 81233205);
INSERT INTO `wallpaper` VALUES (142, 'http://free-cn-01.cdn.bilnn.com/asf/jfs/t1/150360/13/17357/4064112/6012a8f3E5216e5e7/6c9777ce6ead32e5.png', 4064112, NULL, '2021-01-28 20:07:16', '2021-01-28 20:07:16', 81233206);
INSERT INTO `wallpaper` VALUES (143, 'http://free-cn-01.cdn.bilnn.com/asf/jfs/t1/161402/8/4824/110627/6012a90dEd8aa95c9/7fec517df5060c0e.jpg', 110627, NULL, '2021-01-28 20:07:41', '2021-01-28 20:07:41', 81233207);
INSERT INTO `wallpaper` VALUES (144, 'http://free-cn-01.cdn.bilnn.com/asf/jfs/t1/162740/19/4490/83739/6012a91cEb1400d42/de939cc22cfd6933.jpg', 83739, NULL, '2021-01-28 20:07:56', '2021-01-28 20:07:56', 81233208);
INSERT INTO `wallpaper` VALUES (145, 'http://free-cn-01.cdn.bilnn.com/asf/jfs/t1/157604/37/5329/51957/6012af33Eb17dcfde/294ec0208ac3b1bd.jpg', 51957, NULL, '2021-01-28 20:33:56', '2021-01-28 20:33:56', 81233209);
INSERT INTO `wallpaper` VALUES (146, 'http://free-cn-01.cdn.bilnn.com/asf/jfs/t1/162419/33/4811/53620/6012af52Ede794e4f/06a63197dd49d9c4.jpg', 53620, NULL, '2021-01-28 20:34:26', '2021-01-28 20:34:26', 81233210);
INSERT INTO `wallpaper` VALUES (147, 'http://free-cn-01.cdn.bilnn.com/asf/jfs/t1/154664/25/16515/45243/6012af72Eb4a80879/4ef1d666fc166b66.jpg', 45243, NULL, '2021-01-28 20:34:58', '2021-01-28 20:34:58', 81233211);
INSERT INTO `wallpaper` VALUES (148, 'http://free-cn-01.cdn.bilnn.com/asf/jfs/t1/152822/20/16205/78210/6012af8aE1006d3f4/6626fffc16ee5b1f.jpg', 78210, NULL, '2021-01-28 20:35:22', '2021-01-28 20:35:22', 81233212);
INSERT INTO `wallpaper` VALUES (149, 'http://free-cn-01.cdn.bilnn.com/asf/jfs/t1/153814/27/16846/26486/6012afa5Eaed8402c/848b30d583b6f187.jpg', 26486, NULL, '2021-01-28 20:35:50', '2021-01-28 20:35:50', 81233213);
INSERT INTO `wallpaper` VALUES (150, 'http://free-cn-01.cdn.bilnn.com/asf/jfs/t1/163472/20/4421/82036/6012afbdE34d6d488/14598b9343258a2e.jpg', 82036, NULL, '2021-01-28 20:36:14', '2021-01-28 20:36:14', 81233214);
INSERT INTO `wallpaper` VALUES (151, 'http://free-cn-01.cdn.bilnn.com/asf/jfs/t1/168558/3/4595/177088/6012afd2E32d99cac/13faa69838590e73.jpg', 177088, NULL, '2021-01-28 20:36:34', '2021-01-28 20:36:34', 81233215);
INSERT INTO `wallpaper` VALUES (152, 'http://free-cn-01.cdn.bilnn.com/asf/jfs/t1/162284/1/4696/415719/6012afe4Eef320d43/034c55e8bf68f9cd.jpg', 415719, NULL, '2021-01-28 20:36:52', '2021-01-28 20:36:52', 81233216);
INSERT INTO `wallpaper` VALUES (153, 'http://free-cn-01.cdn.bilnn.com/asf/jfs/t1/157043/37/4971/176750/6012aff5E5f7cbf2f/12f4ba43669aa33e.jpg', 176750, NULL, '2021-01-28 20:37:09', '2021-01-28 20:37:09', 81233217);
INSERT INTO `wallpaper` VALUES (154, 'http://free-cn-01.cdn.bilnn.com/asf/jfs/t1/170819/32/4595/244860/6012b008E8db97fbb/5f0228024279ad4b.jpg', 244860, NULL, '2021-01-28 20:37:28', '2021-01-28 20:37:28', 81233218);
INSERT INTO `wallpaper` VALUES (155, 'http://free-cn-01.cdn.bilnn.com/asf/jfs/t1/165024/18/4653/471918/6012b01aE2c57cda6/c99d7e3a2345a372.jpg', 471918, NULL, '2021-01-28 20:37:46', '2021-01-28 20:37:46', 81233219);
INSERT INTO `wallpaper` VALUES (156, 'http://free-cn-01.cdn.bilnn.com/asf/jfs/t1/163178/3/4605/440959/6012b02fE1a5748f1/e0396d59a96258f8.jpg', 440959, NULL, '2021-01-28 20:38:07', '2021-01-28 20:38:07', 81233220);
INSERT INTO `wallpaper` VALUES (157, 'http://free-cn-01.cdn.bilnn.com/asf/jfs/t1/160244/15/5435/71255/6012b047Ea6c95587/1703955e53e17b8d.jpg', 71255, NULL, '2021-01-28 20:38:31', '2021-01-28 20:38:31', 81233221);
INSERT INTO `wallpaper` VALUES (158, 'http://free-cn-01.cdn.bilnn.com/asf/jfs/t1/171143/19/4757/54971/6012b057Eff62e962/517db02fc6799ab6.jpg', 54971, NULL, '2021-01-28 20:38:48', '2021-01-28 20:38:48', 81233222);
INSERT INTO `wallpaper` VALUES (159, 'http://free-cn-01.cdn.bilnn.com/asf/jfs/t1/150544/20/17651/136430/6012b067E7a620f1d/24587c4fb1c44e4d.jpg', 136430, NULL, '2021-01-28 20:39:03', '2021-01-28 20:39:03', 81233223);
INSERT INTO `wallpaper` VALUES (160, 'http://free-cn-01.cdn.bilnn.com/asf/jfs/t1/158631/8/5324/368287/6012b078Ef61214f4/836abb6d072f9730.jpg', 368287, NULL, '2021-01-28 20:39:20', '2021-01-28 20:39:20', 81233224);
INSERT INTO `wallpaper` VALUES (161, 'http://free-cn-01.cdn.bilnn.com/asf/jfs/t1/164978/13/4695/118626/6012b08bE8563fcf9/1f57680a319d3140.jpg', 118626, NULL, '2021-01-28 20:39:40', '2021-01-28 20:39:40', 81233225);
INSERT INTO `wallpaper` VALUES (162, 'http://free-cn-01.cdn.bilnn.com/asf/jfs/t1/171347/10/4615/138323/6012b0a2E60fef342/81f45b08805d26f0.jpg', 138323, NULL, '2021-01-28 20:40:02', '2021-01-28 20:40:02', 81233226);
INSERT INTO `wallpaper` VALUES (163, 'http://free-cn-01.cdn.bilnn.com/asf/jfs/t1/167931/21/4440/62356/6012b0b0E5f646957/6c2464278c2f6c89.jpg', 62356, NULL, '2021-01-28 20:40:17', '2021-01-28 20:40:17', 81233227);
INSERT INTO `wallpaper` VALUES (164, 'http://free-cn-01.cdn.bilnn.com/asf/jfs/t1/161891/4/4679/90808/6012b0d8E69dfcdda/6b79f0d444b11753.jpg', 90808, NULL, '2021-01-28 20:40:56', '2021-01-28 20:40:56', 81233228);
INSERT INTO `wallpaper` VALUES (165, 'http://free-cn-01.cdn.bilnn.com/asf/jfs/t1/158517/9/5427/118820/6012b10bEe329917c/7afb5fa8602411ed.jpg', 118820, NULL, '2021-01-28 20:41:47', '2021-01-28 20:41:47', 81233229);
INSERT INTO `wallpaper` VALUES (166, 'http://free-cn-01.cdn.bilnn.com/asf/jfs/t1/161118/2/4849/119498/6012b11cEe4c69315/77b170b07ac7ac4f.jpg', 119498, NULL, '2021-01-28 20:42:04', '2021-01-28 20:42:04', 81233230);
INSERT INTO `wallpaper` VALUES (167, 'http://free-cn-01.cdn.bilnn.com/asf/jfs/t1/157506/21/5010/63085/6012b131Ec2bf8896/648bf28f7c764b08.jpg', 63085, NULL, '2021-01-28 20:42:25', '2021-01-28 20:42:25', 81233231);
INSERT INTO `wallpaper` VALUES (168, 'http://free-cn-01.cdn.bilnn.com/asf/jfs/t1/158356/8/5388/29914/6012b149E7671a1b5/8be922b8b2f9ea09.jpg', 29914, NULL, '2021-01-28 20:42:49', '2021-01-28 20:42:49', 81233232);
INSERT INTO `wallpaper` VALUES (169, 'http://free-cn-01.cdn.bilnn.com/asf/jfs/t1/165865/36/4642/73211/6012b15fEdfb314e3/4114eb838ab4d277.jpg', 73211, NULL, '2021-01-28 20:43:12', '2021-01-28 20:43:12', 81233233);
INSERT INTO `wallpaper` VALUES (170, 'http://free-cn-01.cdn.bilnn.com/asf/jfs/t1/155750/12/8034/55860/6012b175Ec8196fe0/9cb31b2c016f7905.jpg', 55860, NULL, '2021-01-28 20:43:33', '2021-01-28 20:43:33', 81233234);
INSERT INTO `wallpaper` VALUES (171, 'http://free-cn-01.cdn.bilnn.com/asf/jfs/t1/155836/4/7989/30116/6012b186E5442f21a/a9a955695e61abe9.jpg', 30116, NULL, '2021-01-28 20:43:50', '2021-01-28 20:43:50', 81233235);
INSERT INTO `wallpaper` VALUES (172, 'http://free-cn-01.cdn.bilnn.com/asf/jfs/t1/151840/17/16840/486138/6012b19aE7f49b112/c2213fbc5f4bbe5e.jpg', 486138, NULL, '2021-01-28 20:44:10', '2021-01-28 20:44:10', 81233236);
INSERT INTO `wallpaper` VALUES (173, 'http://free-cn-01.cdn.bilnn.com/asf/jfs/t1/160030/11/5375/87109/6012b1acE7cfa6a5e/c642504e22bdf104.jpg', 87109, NULL, '2021-01-28 20:44:28', '2021-01-28 20:44:28', 81233237);
INSERT INTO `wallpaper` VALUES (174, 'http://free-cn-01.cdn.bilnn.com/asf/jfs/t1/165865/26/4563/67191/6012b1baE9cb799a5/4114eb838ab4d277.jpg', 67191, NULL, '2021-01-28 20:44:43', '2021-01-28 20:44:43', 81233238);
INSERT INTO `wallpaper` VALUES (175, 'http://free-cn-01.cdn.bilnn.com/asf/jfs/t1/164863/17/4321/114456/6012b1c7Ef444aa1c/7edc683cf2090cc2.jpg', 114456, NULL, '2021-01-28 20:44:55', '2021-01-28 20:44:55', 81233239);
INSERT INTO `wallpaper` VALUES (176, 'http://free-cn-01.cdn.bilnn.com/asf/jfs/t1/151617/35/16075/93446/6012b1d3E12c82db9/913f48043433a0d9.jpg', 93446, NULL, '2021-01-28 20:45:07', '2021-01-28 20:45:07', 81233240);
INSERT INTO `wallpaper` VALUES (177, 'http://free-cn-01.cdn.bilnn.com/asf/jfs/t1/164182/29/3828/52152/6012b1e3E8d9a7c24/b06c58e19a55cbdf.jpg', 52152, NULL, '2021-01-28 20:45:23', '2021-01-28 20:45:23', 81233241);
INSERT INTO `wallpaper` VALUES (178, 'http://free-cn-01.cdn.bilnn.com/asf/jfs/t1/161382/6/4780/132927/6012b1f3E88121a5e/8d8738cb35e15a02.jpg', 132927, NULL, '2021-01-28 20:45:39', '2021-01-28 20:45:39', 81233242);
INSERT INTO `wallpaper` VALUES (179, 'http://free-cn-01.cdn.bilnn.com/asf/jfs/t1/171296/15/4687/117220/6012b206E81398909/6e6e209b7bd37bb3.jpg', 117220, NULL, '2021-01-28 20:45:59', '2021-01-28 20:45:59', 81233243);
INSERT INTO `wallpaper` VALUES (180, 'http://free-cn-01.cdn.bilnn.com/asf/jfs/t1/158789/4/5102/365055/6012b21aEb769fff8/ff214ce5f59ec3fa.png', 365055, NULL, '2021-01-28 20:46:18', '2021-01-28 20:46:18', 81233244);
INSERT INTO `wallpaper` VALUES (181, 'http://free-cn-01.cdn.bilnn.com/asf/jfs/t1/163857/16/4524/51956/6012b22bEf7b4bff9/89d0c35d5b9c9a1a.jpg', 51956, NULL, '2021-01-28 20:46:35', '2021-01-28 20:46:35', 81233245);
INSERT INTO `wallpaper` VALUES (182, 'http://free-cn-01.cdn.bilnn.com/asf/jfs/t1/162100/19/4846/55309/6012b23eEc6264dbf/9f8eaed62796fc7d.jpg', 55309, NULL, '2021-01-28 20:46:54', '2021-01-28 20:46:54', 81233246);
INSERT INTO `wallpaper` VALUES (183, 'http://free-cn-01.cdn.bilnn.com/asf/jfs/t1/158594/2/5327/49825/6012b24dE39c96424/625dd36d2082377d.jpg', 49825, NULL, '2021-01-28 20:47:09', '2021-01-28 20:47:09', 81233247);
INSERT INTO `wallpaper` VALUES (184, 'http://free-cn-01.cdn.bilnn.com/asf/jfs/t1/162993/30/4565/35155/6012b264E56c3d500/6ef95def2f22eacf.jpg', 35155, NULL, '2021-01-28 20:47:32', '2021-01-28 20:47:32', 81233248);
INSERT INTO `wallpaper` VALUES (185, 'http://free-cn-01.cdn.bilnn.com/asf/jfs/t1/167204/29/4316/25643/6012b277Ec03630b4/fb28cd920b42a591.jpg', 25643, NULL, '2021-01-28 20:47:51', '2021-01-28 20:47:51', 81233249);
INSERT INTO `wallpaper` VALUES (186, 'http://free-cn-01.cdn.bilnn.com/asf/jfs/t1/170434/22/4622/37879/6012b287Ee66f5ec1/ffb37ffbc4e3c7c9.jpg', 37879, NULL, '2021-01-28 20:48:07', '2021-01-28 20:48:07', 81233250);
INSERT INTO `wallpaper` VALUES (187, 'http://free-cn-01.cdn.bilnn.com/asf/jfs/t1/156071/28/7959/55088/6012b296E5fcf24dd/131d1a32556db143.jpg', 55088, NULL, '2021-01-28 20:48:23', '2021-01-28 20:48:23', 81233251);
INSERT INTO `wallpaper` VALUES (188, 'http://free-cn-01.cdn.bilnn.com/asf/jfs/t1/167543/23/4628/35839/6012b2a4E758de2d8/639d2477910cea99.jpg', 35839, NULL, '2021-01-28 20:48:37', '2021-01-28 20:48:37', 81233252);
INSERT INTO `wallpaper` VALUES (189, 'http://free-cn-01.cdn.bilnn.com/asf/jfs/t1/150659/19/21032/82025/6012b2b1E0aa0c51f/478b6f42d4e90aca.jpg', 82025, NULL, '2021-01-28 20:48:50', '2021-01-28 20:48:50', 81233253);
INSERT INTO `wallpaper` VALUES (190, 'http://free-cn-01.cdn.bilnn.com/asf/jfs/t1/170121/6/4661/81272/6012b2c8E7eba1301/09901d1e3767d5f4.jpg', 81272, NULL, '2021-01-28 20:49:12', '2021-01-28 20:49:12', 81233254);
INSERT INTO `wallpaper` VALUES (191, 'http://free-cn-01.cdn.bilnn.com/asf/jfs/t1/150639/19/17213/49146/6012b2daEbd5c93cd/14406b41c03384cc.jpg', 49146, NULL, '2021-01-28 20:49:30', '2021-01-28 20:49:30', 81233255);
INSERT INTO `wallpaper` VALUES (192, 'http://free-cn-01.cdn.bilnn.com/asf/jfs/t1/169876/16/4621/47154/6012b2e9E2d229b4c/95498ea009bbb4bf.jpg', 47154, NULL, '2021-01-28 20:49:45', '2021-01-28 20:49:45', 81233256);
INSERT INTO `wallpaper` VALUES (193, 'http://free-cn-01.cdn.bilnn.com/asf/jfs/t1/157134/30/5427/31812/6012b2fbEc299bc90/2adc71e2519cfeda.jpg', 31812, NULL, '2021-01-28 20:50:04', '2021-01-28 20:50:04', 81233257);
INSERT INTO `wallpaper` VALUES (194, 'http://free-cn-01.cdn.bilnn.com/asf/jfs/t1/170260/11/4760/71521/6012b30cE4d1323e4/d668080c1e3de953.jpg', 71521, NULL, '2021-01-28 20:50:20', '2021-01-28 20:50:20', 81233258);
INSERT INTO `wallpaper` VALUES (195, 'http://free-cn-01.cdn.bilnn.com/asf/jfs/t1/154123/28/16228/52715/6012b31dE903240cc/d6baa5cb27bce678.jpg', 52715, NULL, '2021-01-28 20:50:37', '2021-01-28 20:50:37', 81233259);
INSERT INTO `wallpaper` VALUES (196, 'http://free-cn-01.cdn.bilnn.com/asf/jfs/t1/151411/3/16889/52914/6012b32cE8ac464b3/bd096264fa8d5225.jpg', 52914, NULL, '2021-01-28 20:50:52', '2021-01-28 20:50:52', 81233260);
INSERT INTO `wallpaper` VALUES (197, 'http://free-cn-01.cdn.bilnn.com/asf/jfs/t1/150981/30/17053/37818/6012b33cEa0c3a57e/84ba348ee9e452eb.jpg', 37818, NULL, '2021-01-28 20:51:08', '2021-01-28 20:51:08', 81233261);
INSERT INTO `wallpaper` VALUES (198, 'http://free-cn-01.cdn.bilnn.com/asf/jfs/t1/169653/22/4557/43696/6012b34dE79e985fd/952a4c8b3393b67e.jpg', 43696, NULL, '2021-01-28 20:51:25', '2021-01-28 20:51:25', 81233262);
INSERT INTO `wallpaper` VALUES (199, 'http://free-cn-01.cdn.bilnn.com/asf/jfs/t1/156715/33/7933/39115/6012b35bEc9c52b87/68187ba26aad9374.jpg', 39115, NULL, '2021-01-28 20:51:40', '2021-01-28 20:51:40', 81233263);
INSERT INTO `wallpaper` VALUES (200, 'http://free-cn-01.cdn.bilnn.com/asf/jfs/t1/157265/35/5472/50725/6012b36aEa35a4398/48951d8f2c04614f.jpg', 50725, NULL, '2021-01-28 20:51:55', '2021-01-28 20:51:55', 81233264);
INSERT INTO `wallpaper` VALUES (201, 'http://free-cn-01.cdn.bilnn.com/asf/jfs/t1/151540/40/16512/72490/6012b382E5c5372f0/d4846cbaa257a9cd.jpg', 72490, NULL, '2021-01-28 20:52:18', '2021-01-28 20:52:18', 81233265);
INSERT INTO `wallpaper` VALUES (202, 'http://free-cn-01.cdn.bilnn.com/asf/jfs/t1/163447/3/4630/51084/6012b393E2df59fc9/215ea817b54bcd15.jpg', 51084, NULL, '2021-01-28 20:52:35', '2021-01-28 20:52:35', 81233266);
INSERT INTO `wallpaper` VALUES (203, 'http://free-cn-01.cdn.bilnn.com/asf/jfs/t1/162620/37/4532/38274/6012b3a1E79c54508/732c87aea9dcb7a4.jpg', 38274, NULL, '2021-01-28 20:52:49', '2021-01-28 20:52:49', 81233267);
INSERT INTO `wallpaper` VALUES (204, 'http://free-cn-01.cdn.bilnn.com/asf/jfs/t1/154235/15/16223/22140/6012b3aeE70074dc6/02c222cdbf6e0907.jpg', 22140, NULL, '2021-01-28 20:53:02', '2021-01-28 20:53:02', 81233268);
INSERT INTO `wallpaper` VALUES (205, 'http://free-cn-01.cdn.bilnn.com/asf/jfs/t1/165674/24/4448/30573/6012b3bbEd85da07d/d10c9514797760b6.jpg', 30573, NULL, '2021-01-28 20:53:15', '2021-01-28 20:53:15', 81233269);
INSERT INTO `wallpaper` VALUES (206, 'http://free-cn-01.cdn.bilnn.com/asf/jfs/t1/159607/28/5501/83319/6012b3c7E484eef68/73c1844031c3f162.jpg', 83319, NULL, '2021-01-28 20:53:28', '2021-01-28 20:53:28', 81233270);
INSERT INTO `wallpaper` VALUES (207, 'http://free-cn-01.cdn.bilnn.com/asf/jfs/t1/154908/38/16450/51384/6012b3d5E3713dca0/bd700bf9ffa6cdbc.jpg', 51384, NULL, '2021-01-28 20:53:41', '2021-01-28 20:53:41', 81233271);
INSERT INTO `wallpaper` VALUES (208, 'http://free-cn-01.cdn.bilnn.com/asf/jfs/t1/156154/30/7957/96412/6012b3e2E45e96f2b/38db465f14f80453.jpg', 96412, NULL, '2021-01-28 20:53:54', '2021-01-28 20:53:54', 81233272);
INSERT INTO `wallpaper` VALUES (209, 'http://free-cn-01.cdn.bilnn.com/asf/jfs/t1/166369/20/3707/68321/6012b3f7E3fdf9929/0ec6a0aae6a04eea.jpg', 68321, NULL, '2021-01-28 20:54:20', '2021-01-28 20:54:20', 81233273);
INSERT INTO `wallpaper` VALUES (210, 'http://free-cn-01.cdn.bilnn.com/asf/jfs/t1/160843/35/4858/33897/6012b419E04618d2f/e697170843567399.jpg', 33897, NULL, '2021-01-28 20:54:52', '2021-01-28 20:54:52', 81233274);
INSERT INTO `wallpaper` VALUES (211, 'http://free-cn-01.cdn.bilnn.com/asf/jfs/t1/167784/14/4428/69746/6012b444E9b6ad5be/c84e71c63570aa08.jpg', 69746, NULL, '2021-01-28 20:55:32', '2021-01-28 20:55:32', 81233275);
INSERT INTO `wallpaper` VALUES (212, 'http://free-cn-01.cdn.bilnn.com/asf/jfs/t1/164666/32/4673/56570/6012b452E70aa3a88/51654708830f4b19.jpg', 56570, NULL, '2021-01-28 20:55:46', '2021-01-28 20:55:46', 81233276);
INSERT INTO `wallpaper` VALUES (213, 'http://free-cn-01.cdn.bilnn.com/asf/jfs/t1/165995/32/4661/48474/6012b45dE4d2f8e41/422f06af65a4cbc5.jpg', 48474, NULL, '2021-01-28 20:55:58', '2021-01-28 20:55:58', 81233277);
INSERT INTO `wallpaper` VALUES (214, 'http://free-cn-01.cdn.bilnn.com/asf/jfs/t1/162916/11/4369/44970/6012b484E248fddb7/b70e326007a4e0c4.jpg', 44970, NULL, '2021-01-28 20:56:36', '2021-01-28 20:56:36', 81233278);
INSERT INTO `wallpaper` VALUES (215, 'http://free-cn-01.cdn.bilnn.com/asf/jfs/t1/152846/17/17351/67730/6012b491Ec6b5bee6/ab09c9365f4f52b5.jpg', 67730, NULL, '2021-01-28 20:56:49', '2021-01-28 20:56:49', 81233279);
INSERT INTO `wallpaper` VALUES (216, 'http://free-cn-01.cdn.bilnn.com/asf/jfs/t1/160004/20/5221/62997/6012b4a8E3c980eca/feaecfb1f9306cd1.jpg', 62997, NULL, '2021-01-28 20:57:12', '2021-01-28 20:57:12', 81233280);
INSERT INTO `wallpaper` VALUES (217, 'http://free-cn-01.cdn.bilnn.com/asf/jfs/t1/159926/16/5344/75041/6012b4bbEd128a638/a8fd92ea2fcfa551.jpg', 75041, NULL, '2021-01-28 20:57:31', '2021-01-28 20:57:31', 81233281);
INSERT INTO `wallpaper` VALUES (218, 'http://free-cn-01.cdn.bilnn.com/asf/jfs/t1/170880/3/4700/107509/6012b4c9Ee8b20447/15c6bef59bcfda23.jpg', 107509, NULL, '2021-01-28 20:57:46', '2021-01-28 20:57:46', 81233282);
INSERT INTO `wallpaper` VALUES (223, 'https://p.pstatp.com/origin/137b00002d541b1371e92', 0, NULL, '2021-01-29 13:07:12', '2021-01-29 13:07:12', 0);
INSERT INTO `wallpaper` VALUES (224, 'https://p.pstatp.com/origin/137d1000374ba7aafac0a', 0, NULL, '2021-01-29 13:09:18', '2021-01-29 13:09:18', 0);
INSERT INTO `wallpaper` VALUES (225, 'https://www.hualigs.cn/image/601397b0af0dc.jpg', 0, NULL, '2021-01-29 13:10:36', '2021-01-29 13:11:21', 0);
INSERT INTO `wallpaper` VALUES (226, 'https://p.pstatp.com/origin/1388d000131175b31bfc4', 0, NULL, '2021-01-29 13:12:00', '2021-01-29 13:12:00', 0);
INSERT INTO `wallpaper` VALUES (227, 'https://p.pstatp.com/origin/ff8300038896be3dd06b', 0, NULL, '2021-01-29 13:27:18', '2021-01-29 13:27:18', 0);
INSERT INTO `wallpaper` VALUES (228, 'https://p.pstatp.com/origin/1386c00042099f05c37f2', 0, NULL, '2021-01-29 13:28:56', '2021-01-29 13:28:56', 0);
INSERT INTO `wallpaper` VALUES (229, 'https://p.pstatp.com/origin/138a400009dcf430ab352', 0, NULL, '2021-01-29 13:29:31', '2021-01-29 13:29:31', 0);
INSERT INTO `wallpaper` VALUES (230, 'https://p.pstatp.com/origin/ff4e000175d3babdd1f0', 0, NULL, '2021-01-29 13:30:04', '2021-01-29 13:30:04', 0);
INSERT INTO `wallpaper` VALUES (231, 'https://www.hualigs.cn/image/60139d37c4ff8.jpg', 0, NULL, '2021-01-29 13:30:25', '2021-01-29 13:33:08', 0);
INSERT INTO `wallpaper` VALUES (232, 'https://p.pstatp.com/origin/1386500017083109efb7e', 0, NULL, '2021-01-29 13:30:36', '2021-01-29 13:30:36', 0);
INSERT INTO `wallpaper` VALUES (233, 'https://p.pstatp.com/origin/138fe000030b83a7b5a69', 0, NULL, '2021-01-29 13:31:02', '2021-01-29 13:31:02', 0);
INSERT INTO `wallpaper` VALUES (234, 'https://p.pstatp.com/origin/138ea00004981ce478908', 0, NULL, '2021-01-29 13:36:22', '2021-01-29 13:36:22', 0);
INSERT INTO `wallpaper` VALUES (235, 'https://p.pstatp.com/origin/1376e0001f41b8eb7c27c', 0, NULL, '2021-01-29 13:36:50', '2021-01-29 13:36:50', 0);
INSERT INTO `wallpaper` VALUES (236, 'https://p.pstatp.com/origin/1382c000430cddaf726aa', 0, NULL, '2021-01-29 13:37:06', '2021-01-29 13:37:06', 0);
INSERT INTO `wallpaper` VALUES (237, 'https://p.pstatp.com/origin/1388f000067bc4633d1b5', 0, NULL, '2021-01-29 13:37:22', '2021-01-29 13:37:22', 0);
INSERT INTO `wallpaper` VALUES (238, 'https://p.pstatp.com/origin/fe9000039529fdea6d95', 0, NULL, '2021-01-29 13:44:49', '2021-01-29 13:44:49', 0);
INSERT INTO `wallpaper` VALUES (239, 'https://p.pstatp.com/origin/fe460002d3909faba44c', 0, NULL, '2021-01-29 13:48:34', '2021-01-29 13:48:34', 0);
INSERT INTO `wallpaper` VALUES (240, 'https://p.pstatp.com/origin/fe1e00028101d39a4e36', 0, NULL, '2021-01-29 13:48:51', '2021-01-29 13:48:51', 0);
INSERT INTO `wallpaper` VALUES (241, 'https://p.pstatp.com/origin/138af000152ad17124db6', 0, NULL, '2021-01-29 13:49:08', '2021-01-29 13:49:08', 0);
INSERT INTO `wallpaper` VALUES (242, 'https://www.hualigs.cn/image/6013a1b78b3a3.jpg', 0, NULL, '2021-01-29 13:49:40', '2021-01-29 13:52:49', 0);
INSERT INTO `wallpaper` VALUES (243, 'https://p.pstatp.com/origin/138b100008936659a61f4', 0, NULL, '2021-01-29 13:50:03', '2021-01-29 13:50:03', 0);
INSERT INTO `wallpaper` VALUES (244, 'https://p.pstatp.com/origin/13806000220185646f01b', 0, NULL, '2021-01-29 13:50:26', '2021-01-29 13:50:26', 0);
INSERT INTO `wallpaper` VALUES (245, 'https://p.pstatp.com/origin/137a700027115bb49d388', 0, NULL, '2021-01-29 13:50:39', '2021-01-29 13:50:39', 0);

-- ----------------------------
-- Table structure for wallpaper_tag
-- ----------------------------
DROP TABLE IF EXISTS `wallpaper_tag`;
CREATE TABLE `wallpaper_tag`  (
  `wallpaper_id` int(11) NOT NULL,
  `tag_id` int(11) NOT NULL,
  `createAt` timestamp(0) NOT NULL DEFAULT CURRENT_TIMESTAMP(0),
  `updateAt` timestamp(0) NOT NULL DEFAULT CURRENT_TIMESTAMP(0) ON UPDATE CURRENT_TIMESTAMP(0),
  PRIMARY KEY (`wallpaper_id`, `tag_id`) USING BTREE,
  INDEX `tag_id`(`tag_id`) USING BTREE,
  CONSTRAINT `wallpaper_tag_ibfk_1` FOREIGN KEY (`wallpaper_id`) REFERENCES `wallpaper` (`id`) ON DELETE CASCADE ON UPDATE CASCADE,
  CONSTRAINT `wallpaper_tag_ibfk_2` FOREIGN KEY (`tag_id`) REFERENCES `tag` (`id`) ON DELETE CASCADE ON UPDATE CASCADE
) ENGINE = InnoDB CHARACTER SET = utf8 COLLATE = utf8_general_ci ROW_FORMAT = Dynamic;

-- ----------------------------
-- Records of wallpaper_tag
-- ----------------------------
INSERT INTO `wallpaper_tag` VALUES (11, 2, '2021-01-27 10:43:44', '2021-01-27 10:43:44');
INSERT INTO `wallpaper_tag` VALUES (11, 5, '2021-01-27 10:43:44', '2021-01-27 10:43:44');
INSERT INTO `wallpaper_tag` VALUES (11, 21, '2021-01-27 13:34:58', '2021-01-27 13:34:58');
INSERT INTO `wallpaper_tag` VALUES (12, 2, '2021-01-27 10:47:52', '2021-01-27 10:47:52');
INSERT INTO `wallpaper_tag` VALUES (12, 5, '2021-01-27 10:47:52', '2021-01-27 10:47:52');
INSERT INTO `wallpaper_tag` VALUES (12, 21, '2021-01-27 13:36:04', '2021-01-27 13:36:04');
INSERT INTO `wallpaper_tag` VALUES (13, 2, '2021-01-27 10:53:18', '2021-01-27 10:53:18');
INSERT INTO `wallpaper_tag` VALUES (13, 5, '2021-01-27 10:53:18', '2021-01-27 10:53:18');
INSERT INTO `wallpaper_tag` VALUES (13, 21, '2021-01-27 13:36:09', '2021-01-27 13:36:09');
INSERT INTO `wallpaper_tag` VALUES (14, 2, '2021-01-27 11:14:09', '2021-01-27 11:14:09');
INSERT INTO `wallpaper_tag` VALUES (14, 5, '2021-01-27 11:14:09', '2021-01-27 11:14:09');
INSERT INTO `wallpaper_tag` VALUES (14, 21, '2021-01-27 13:36:13', '2021-01-27 13:36:13');
INSERT INTO `wallpaper_tag` VALUES (15, 2, '2021-01-27 11:21:19', '2021-01-27 11:21:19');
INSERT INTO `wallpaper_tag` VALUES (15, 3, '2021-01-27 11:21:19', '2021-01-27 11:21:19');
INSERT INTO `wallpaper_tag` VALUES (15, 5, '2021-01-27 11:21:19', '2021-01-27 11:21:19');
INSERT INTO `wallpaper_tag` VALUES (15, 21, '2021-01-27 13:36:19', '2021-01-27 13:36:19');
INSERT INTO `wallpaper_tag` VALUES (16, 4, '2021-01-27 11:21:55', '2021-01-27 11:21:55');
INSERT INTO `wallpaper_tag` VALUES (16, 7, '2021-01-27 11:21:55', '2021-01-27 11:21:55');
INSERT INTO `wallpaper_tag` VALUES (16, 9, '2021-01-27 11:21:55', '2021-01-27 11:21:55');
INSERT INTO `wallpaper_tag` VALUES (16, 10, '2021-01-27 11:21:55', '2021-01-27 11:21:55');
INSERT INTO `wallpaper_tag` VALUES (16, 21, '2021-01-27 13:36:29', '2021-01-27 13:36:29');
INSERT INTO `wallpaper_tag` VALUES (17, 4, '2021-01-27 11:22:23', '2021-01-27 11:22:23');
INSERT INTO `wallpaper_tag` VALUES (17, 7, '2021-01-27 11:22:23', '2021-01-27 11:22:23');
INSERT INTO `wallpaper_tag` VALUES (17, 9, '2021-01-27 11:22:23', '2021-01-27 11:22:23');
INSERT INTO `wallpaper_tag` VALUES (17, 10, '2021-01-27 11:22:23', '2021-01-27 11:22:23');
INSERT INTO `wallpaper_tag` VALUES (17, 21, '2021-01-27 13:36:33', '2021-01-27 13:36:33');
INSERT INTO `wallpaper_tag` VALUES (18, 2, '2021-01-27 11:25:55', '2021-01-27 11:25:55');
INSERT INTO `wallpaper_tag` VALUES (18, 19, '2021-01-27 11:25:55', '2021-01-27 11:25:55');
INSERT INTO `wallpaper_tag` VALUES (18, 20, '2021-01-27 11:25:55', '2021-01-27 11:25:55');
INSERT INTO `wallpaper_tag` VALUES (19, 7, '2021-01-27 14:27:32', '2021-01-27 14:27:32');
INSERT INTO `wallpaper_tag` VALUES (19, 9, '2021-01-27 14:27:32', '2021-01-27 14:27:32');
INSERT INTO `wallpaper_tag` VALUES (19, 10, '2021-01-27 14:27:32', '2021-01-27 14:27:32');
INSERT INTO `wallpaper_tag` VALUES (19, 14, '2021-01-27 14:27:32', '2021-01-27 14:27:32');
INSERT INTO `wallpaper_tag` VALUES (19, 17, '2021-01-27 14:27:32', '2021-01-27 14:27:32');
INSERT INTO `wallpaper_tag` VALUES (19, 21, '2021-01-27 14:27:32', '2021-01-27 14:27:32');
INSERT INTO `wallpaper_tag` VALUES (20, 2, '2021-01-27 14:29:15', '2021-01-27 14:29:15');
INSERT INTO `wallpaper_tag` VALUES (20, 5, '2021-01-27 14:29:15', '2021-01-27 14:29:15');
INSERT INTO `wallpaper_tag` VALUES (20, 14, '2021-01-27 14:29:15', '2021-01-27 14:29:15');
INSERT INTO `wallpaper_tag` VALUES (20, 21, '2021-01-27 14:29:15', '2021-01-27 14:29:15');
INSERT INTO `wallpaper_tag` VALUES (21, 2, '2021-01-27 14:39:09', '2021-01-27 14:39:09');
INSERT INTO `wallpaper_tag` VALUES (21, 4, '2021-01-27 14:39:09', '2021-01-27 14:39:09');
INSERT INTO `wallpaper_tag` VALUES (21, 5, '2021-01-27 14:39:09', '2021-01-27 14:39:09');
INSERT INTO `wallpaper_tag` VALUES (21, 21, '2021-01-27 14:39:09', '2021-01-27 14:39:09');
INSERT INTO `wallpaper_tag` VALUES (22, 2, '2021-01-27 15:12:29', '2021-01-27 15:12:29');
INSERT INTO `wallpaper_tag` VALUES (22, 5, '2021-01-27 15:12:29', '2021-01-27 15:12:29');
INSERT INTO `wallpaper_tag` VALUES (22, 19, '2021-01-27 15:12:29', '2021-01-27 15:12:29');
INSERT INTO `wallpaper_tag` VALUES (23, 2, '2021-01-27 15:13:04', '2021-01-27 15:13:04');
INSERT INTO `wallpaper_tag` VALUES (23, 4, '2021-01-27 15:13:04', '2021-01-27 15:13:04');
INSERT INTO `wallpaper_tag` VALUES (23, 5, '2021-01-27 15:13:04', '2021-01-27 15:13:04');
INSERT INTO `wallpaper_tag` VALUES (23, 10, '2021-01-27 15:13:04', '2021-01-27 15:13:04');
INSERT INTO `wallpaper_tag` VALUES (23, 19, '2021-01-27 15:13:04', '2021-01-27 15:13:04');
INSERT INTO `wallpaper_tag` VALUES (23, 20, '2021-01-27 15:13:04', '2021-01-27 15:13:04');
INSERT INTO `wallpaper_tag` VALUES (24, 2, '2021-01-27 15:13:31', '2021-01-27 15:13:31');
INSERT INTO `wallpaper_tag` VALUES (24, 4, '2021-01-27 15:13:31', '2021-01-27 15:13:31');
INSERT INTO `wallpaper_tag` VALUES (24, 5, '2021-01-27 15:13:31', '2021-01-27 15:13:31');
INSERT INTO `wallpaper_tag` VALUES (24, 10, '2021-01-27 15:13:31', '2021-01-27 15:13:31');
INSERT INTO `wallpaper_tag` VALUES (24, 19, '2021-01-27 15:13:31', '2021-01-27 15:13:31');
INSERT INTO `wallpaper_tag` VALUES (24, 20, '2021-01-27 15:13:31', '2021-01-27 15:13:31');
INSERT INTO `wallpaper_tag` VALUES (25, 2, '2021-01-27 15:13:48', '2021-01-27 15:13:48');
INSERT INTO `wallpaper_tag` VALUES (25, 4, '2021-01-27 15:13:48', '2021-01-27 15:13:48');
INSERT INTO `wallpaper_tag` VALUES (25, 5, '2021-01-27 15:13:48', '2021-01-27 15:13:48');
INSERT INTO `wallpaper_tag` VALUES (25, 10, '2021-01-27 15:13:48', '2021-01-27 15:13:48');
INSERT INTO `wallpaper_tag` VALUES (25, 19, '2021-01-27 15:13:48', '2021-01-27 15:13:48');
INSERT INTO `wallpaper_tag` VALUES (25, 20, '2021-01-27 15:13:48', '2021-01-27 15:13:48');
INSERT INTO `wallpaper_tag` VALUES (26, 2, '2021-01-27 15:14:07', '2021-01-27 15:14:07');
INSERT INTO `wallpaper_tag` VALUES (26, 4, '2021-01-27 15:14:07', '2021-01-27 15:14:07');
INSERT INTO `wallpaper_tag` VALUES (26, 5, '2021-01-27 15:14:07', '2021-01-27 15:14:07');
INSERT INTO `wallpaper_tag` VALUES (26, 10, '2021-01-27 15:14:07', '2021-01-27 15:14:07');
INSERT INTO `wallpaper_tag` VALUES (26, 19, '2021-01-27 15:14:07', '2021-01-27 15:14:07');
INSERT INTO `wallpaper_tag` VALUES (26, 20, '2021-01-27 15:14:07', '2021-01-27 15:14:07');
INSERT INTO `wallpaper_tag` VALUES (27, 2, '2021-01-27 15:15:07', '2021-01-27 15:15:07');
INSERT INTO `wallpaper_tag` VALUES (27, 4, '2021-01-27 15:15:07', '2021-01-27 15:15:07');
INSERT INTO `wallpaper_tag` VALUES (27, 5, '2021-01-27 15:15:07', '2021-01-27 15:15:07');
INSERT INTO `wallpaper_tag` VALUES (27, 10, '2021-01-27 15:15:07', '2021-01-27 15:15:07');
INSERT INTO `wallpaper_tag` VALUES (27, 19, '2021-01-27 15:15:07', '2021-01-27 15:15:07');
INSERT INTO `wallpaper_tag` VALUES (27, 20, '2021-01-27 15:15:07', '2021-01-27 15:15:07');
INSERT INTO `wallpaper_tag` VALUES (28, 2, '2021-01-27 15:15:23', '2021-01-27 15:15:23');
INSERT INTO `wallpaper_tag` VALUES (28, 4, '2021-01-27 15:15:23', '2021-01-27 15:15:23');
INSERT INTO `wallpaper_tag` VALUES (28, 5, '2021-01-27 15:15:23', '2021-01-27 15:15:23');
INSERT INTO `wallpaper_tag` VALUES (28, 10, '2021-01-27 15:15:23', '2021-01-27 15:15:23');
INSERT INTO `wallpaper_tag` VALUES (28, 19, '2021-01-27 15:15:23', '2021-01-27 15:15:23');
INSERT INTO `wallpaper_tag` VALUES (28, 20, '2021-01-27 15:15:23', '2021-01-27 15:15:23');
INSERT INTO `wallpaper_tag` VALUES (29, 2, '2021-01-27 15:16:01', '2021-01-27 15:16:01');
INSERT INTO `wallpaper_tag` VALUES (29, 4, '2021-01-27 15:16:01', '2021-01-27 15:16:01');
INSERT INTO `wallpaper_tag` VALUES (29, 5, '2021-01-27 15:16:01', '2021-01-27 15:16:01');
INSERT INTO `wallpaper_tag` VALUES (29, 14, '2021-01-27 15:16:01', '2021-01-27 15:16:01');
INSERT INTO `wallpaper_tag` VALUES (29, 19, '2021-01-27 15:16:01', '2021-01-27 15:16:01');
INSERT INTO `wallpaper_tag` VALUES (30, 2, '2021-01-27 15:21:15', '2021-01-27 15:21:15');
INSERT INTO `wallpaper_tag` VALUES (30, 5, '2021-01-27 15:21:15', '2021-01-27 15:21:15');
INSERT INTO `wallpaper_tag` VALUES (30, 14, '2021-01-27 15:21:15', '2021-01-27 15:21:15');
INSERT INTO `wallpaper_tag` VALUES (30, 19, '2021-01-27 15:21:15', '2021-01-27 15:21:15');
INSERT INTO `wallpaper_tag` VALUES (31, 2, '2021-01-27 15:22:00', '2021-01-27 15:22:00');
INSERT INTO `wallpaper_tag` VALUES (31, 5, '2021-01-27 15:22:00', '2021-01-27 15:22:00');
INSERT INTO `wallpaper_tag` VALUES (31, 17, '2021-01-27 15:22:00', '2021-01-27 15:22:00');
INSERT INTO `wallpaper_tag` VALUES (31, 19, '2021-01-27 15:22:00', '2021-01-27 15:22:00');
INSERT INTO `wallpaper_tag` VALUES (32, 4, '2021-01-27 20:26:36', '2021-01-27 20:26:36');
INSERT INTO `wallpaper_tag` VALUES (32, 10, '2021-01-27 20:26:36', '2021-01-27 20:26:36');
INSERT INTO `wallpaper_tag` VALUES (32, 13, '2021-01-27 20:26:36', '2021-01-27 20:26:36');
INSERT INTO `wallpaper_tag` VALUES (32, 21, '2021-01-27 20:26:36', '2021-01-27 20:26:36');
INSERT INTO `wallpaper_tag` VALUES (32, 22, '2021-01-27 20:26:36', '2021-01-27 20:26:36');
INSERT INTO `wallpaper_tag` VALUES (33, 4, '2021-01-27 21:13:51', '2021-01-27 21:13:51');
INSERT INTO `wallpaper_tag` VALUES (33, 10, '2021-01-27 21:13:51', '2021-01-27 21:13:51');
INSERT INTO `wallpaper_tag` VALUES (33, 11, '2021-01-27 21:13:51', '2021-01-27 21:13:51');
INSERT INTO `wallpaper_tag` VALUES (33, 13, '2021-01-27 21:13:51', '2021-01-27 21:13:51');
INSERT INTO `wallpaper_tag` VALUES (33, 17, '2021-01-27 21:13:51', '2021-01-27 21:13:51');
INSERT INTO `wallpaper_tag` VALUES (33, 21, '2021-01-27 21:13:51', '2021-01-27 21:13:51');
INSERT INTO `wallpaper_tag` VALUES (33, 22, '2021-01-27 21:13:51', '2021-01-27 21:13:51');
INSERT INTO `wallpaper_tag` VALUES (34, 1, '2021-01-27 21:14:44', '2021-01-27 21:14:44');
INSERT INTO `wallpaper_tag` VALUES (34, 4, '2021-01-27 21:14:44', '2021-01-27 21:14:44');
INSERT INTO `wallpaper_tag` VALUES (34, 6, '2021-01-27 21:14:44', '2021-01-27 21:14:44');
INSERT INTO `wallpaper_tag` VALUES (34, 10, '2021-01-27 21:14:45', '2021-01-27 21:14:45');
INSERT INTO `wallpaper_tag` VALUES (34, 17, '2021-01-27 21:14:45', '2021-01-27 21:14:45');
INSERT INTO `wallpaper_tag` VALUES (34, 21, '2021-01-27 21:14:45', '2021-01-27 21:14:45');
INSERT INTO `wallpaper_tag` VALUES (34, 22, '2021-01-27 21:14:45', '2021-01-27 21:14:45');
INSERT INTO `wallpaper_tag` VALUES (35, 2, '2021-01-27 21:15:18', '2021-01-27 21:15:18');
INSERT INTO `wallpaper_tag` VALUES (35, 4, '2021-01-27 21:15:18', '2021-01-27 21:15:18');
INSERT INTO `wallpaper_tag` VALUES (35, 5, '2021-01-27 21:15:18', '2021-01-27 21:15:18');
INSERT INTO `wallpaper_tag` VALUES (35, 10, '2021-01-27 21:15:18', '2021-01-27 21:15:18');
INSERT INTO `wallpaper_tag` VALUES (35, 17, '2021-01-27 21:15:18', '2021-01-27 21:15:18');
INSERT INTO `wallpaper_tag` VALUES (35, 21, '2021-01-27 21:15:18', '2021-01-27 21:15:18');
INSERT INTO `wallpaper_tag` VALUES (35, 22, '2021-01-27 21:15:18', '2021-01-27 21:15:18');
INSERT INTO `wallpaper_tag` VALUES (36, 2, '2021-01-27 21:15:44', '2021-01-27 21:15:44');
INSERT INTO `wallpaper_tag` VALUES (36, 4, '2021-01-27 21:15:44', '2021-01-27 21:15:44');
INSERT INTO `wallpaper_tag` VALUES (36, 5, '2021-01-27 21:15:44', '2021-01-27 21:15:44');
INSERT INTO `wallpaper_tag` VALUES (36, 17, '2021-01-27 21:15:44', '2021-01-27 21:15:44');
INSERT INTO `wallpaper_tag` VALUES (36, 21, '2021-01-27 21:15:44', '2021-01-27 21:15:44');
INSERT INTO `wallpaper_tag` VALUES (36, 22, '2021-01-27 21:15:44', '2021-01-27 21:15:44');
INSERT INTO `wallpaper_tag` VALUES (37, 7, '2021-01-27 21:16:26', '2021-01-27 21:16:26');
INSERT INTO `wallpaper_tag` VALUES (37, 8, '2021-01-27 21:16:26', '2021-01-27 21:16:26');
INSERT INTO `wallpaper_tag` VALUES (37, 10, '2021-01-27 21:16:26', '2021-01-27 21:16:26');
INSERT INTO `wallpaper_tag` VALUES (37, 14, '2021-01-27 21:16:26', '2021-01-27 21:16:26');
INSERT INTO `wallpaper_tag` VALUES (37, 21, '2021-01-27 21:16:26', '2021-01-27 21:16:26');
INSERT INTO `wallpaper_tag` VALUES (38, 7, '2021-01-27 21:16:58', '2021-01-27 21:16:58');
INSERT INTO `wallpaper_tag` VALUES (38, 10, '2021-01-27 21:16:58', '2021-01-27 21:16:58');
INSERT INTO `wallpaper_tag` VALUES (38, 11, '2021-01-27 21:16:58', '2021-01-27 21:16:58');
INSERT INTO `wallpaper_tag` VALUES (38, 14, '2021-01-27 21:16:58', '2021-01-27 21:16:58');
INSERT INTO `wallpaper_tag` VALUES (38, 21, '2021-01-27 21:16:58', '2021-01-27 21:16:58');
INSERT INTO `wallpaper_tag` VALUES (39, 7, '2021-01-27 21:17:24', '2021-01-27 21:17:24');
INSERT INTO `wallpaper_tag` VALUES (39, 8, '2021-01-27 21:17:24', '2021-01-27 21:17:24');
INSERT INTO `wallpaper_tag` VALUES (39, 9, '2021-01-27 21:17:24', '2021-01-27 21:17:24');
INSERT INTO `wallpaper_tag` VALUES (39, 10, '2021-01-27 21:17:24', '2021-01-27 21:17:24');
INSERT INTO `wallpaper_tag` VALUES (39, 14, '2021-01-27 21:17:24', '2021-01-27 21:17:24');
INSERT INTO `wallpaper_tag` VALUES (39, 18, '2021-01-27 21:17:24', '2021-01-27 21:17:24');
INSERT INTO `wallpaper_tag` VALUES (39, 21, '2021-01-27 21:17:24', '2021-01-27 21:17:24');
INSERT INTO `wallpaper_tag` VALUES (40, 1, '2021-01-27 21:20:05', '2021-01-27 21:20:05');
INSERT INTO `wallpaper_tag` VALUES (40, 4, '2021-01-27 21:20:05', '2021-01-27 21:20:05');
INSERT INTO `wallpaper_tag` VALUES (40, 14, '2021-01-27 21:20:05', '2021-01-27 21:20:05');
INSERT INTO `wallpaper_tag` VALUES (40, 17, '2021-01-27 21:20:05', '2021-01-27 21:20:05');
INSERT INTO `wallpaper_tag` VALUES (40, 21, '2021-01-27 21:20:05', '2021-01-27 21:20:05');
INSERT INTO `wallpaper_tag` VALUES (40, 23, '2021-01-27 21:20:05', '2021-01-27 21:20:05');
INSERT INTO `wallpaper_tag` VALUES (41, 4, '2021-01-27 21:20:53', '2021-01-27 21:20:53');
INSERT INTO `wallpaper_tag` VALUES (41, 14, '2021-01-27 21:20:53', '2021-01-27 21:20:53');
INSERT INTO `wallpaper_tag` VALUES (41, 17, '2021-01-27 21:20:53', '2021-01-27 21:20:53');
INSERT INTO `wallpaper_tag` VALUES (41, 21, '2021-01-27 21:20:53', '2021-01-27 21:20:53');
INSERT INTO `wallpaper_tag` VALUES (41, 23, '2021-01-27 21:20:53', '2021-01-27 21:20:53');
INSERT INTO `wallpaper_tag` VALUES (41, 24, '2021-01-27 21:20:53', '2021-01-27 21:20:53');
INSERT INTO `wallpaper_tag` VALUES (42, 2, '2021-01-27 21:22:38', '2021-01-27 21:22:38');
INSERT INTO `wallpaper_tag` VALUES (42, 5, '2021-01-27 21:22:38', '2021-01-27 21:22:38');
INSERT INTO `wallpaper_tag` VALUES (42, 21, '2021-01-27 21:22:38', '2021-01-27 21:22:38');
INSERT INTO `wallpaper_tag` VALUES (43, 2, '2021-01-27 21:25:45', '2021-01-27 21:25:45');
INSERT INTO `wallpaper_tag` VALUES (43, 5, '2021-01-27 21:25:45', '2021-01-27 21:25:45');
INSERT INTO `wallpaper_tag` VALUES (43, 21, '2021-01-27 21:25:45', '2021-01-27 21:25:45');
INSERT INTO `wallpaper_tag` VALUES (44, 2, '2021-01-27 21:26:41', '2021-01-27 21:26:41');
INSERT INTO `wallpaper_tag` VALUES (44, 5, '2021-01-27 21:26:41', '2021-01-27 21:26:41');
INSERT INTO `wallpaper_tag` VALUES (44, 17, '2021-01-27 21:26:41', '2021-01-27 21:26:41');
INSERT INTO `wallpaper_tag` VALUES (44, 21, '2021-01-27 21:26:41', '2021-01-27 21:26:41');
INSERT INTO `wallpaper_tag` VALUES (45, 2, '2021-01-27 21:27:23', '2021-01-27 21:27:23');
INSERT INTO `wallpaper_tag` VALUES (45, 5, '2021-01-27 21:27:23', '2021-01-27 21:27:23');
INSERT INTO `wallpaper_tag` VALUES (45, 21, '2021-01-27 21:27:23', '2021-01-27 21:27:23');
INSERT INTO `wallpaper_tag` VALUES (46, 2, '2021-01-27 21:27:42', '2021-01-27 21:27:42');
INSERT INTO `wallpaper_tag` VALUES (46, 5, '2021-01-27 21:27:42', '2021-01-27 21:27:42');
INSERT INTO `wallpaper_tag` VALUES (46, 21, '2021-01-27 21:27:42', '2021-01-27 21:27:42');
INSERT INTO `wallpaper_tag` VALUES (47, 2, '2021-01-27 21:28:02', '2021-01-27 21:28:02');
INSERT INTO `wallpaper_tag` VALUES (47, 5, '2021-01-27 21:28:02', '2021-01-27 21:28:02');
INSERT INTO `wallpaper_tag` VALUES (47, 21, '2021-01-27 21:28:02', '2021-01-27 21:28:02');
INSERT INTO `wallpaper_tag` VALUES (48, 2, '2021-01-27 21:28:32', '2021-01-27 21:28:32');
INSERT INTO `wallpaper_tag` VALUES (48, 5, '2021-01-27 21:28:32', '2021-01-27 21:28:32');
INSERT INTO `wallpaper_tag` VALUES (48, 14, '2021-01-27 21:28:32', '2021-01-27 21:28:32');
INSERT INTO `wallpaper_tag` VALUES (48, 21, '2021-01-27 21:28:32', '2021-01-27 21:28:32');
INSERT INTO `wallpaper_tag` VALUES (49, 2, '2021-01-27 21:28:49', '2021-01-27 21:28:49');
INSERT INTO `wallpaper_tag` VALUES (49, 5, '2021-01-27 21:28:49', '2021-01-27 21:28:49');
INSERT INTO `wallpaper_tag` VALUES (49, 14, '2021-01-27 21:28:49', '2021-01-27 21:28:49');
INSERT INTO `wallpaper_tag` VALUES (49, 21, '2021-01-27 21:28:49', '2021-01-27 21:28:49');
INSERT INTO `wallpaper_tag` VALUES (50, 2, '2021-01-27 21:29:07', '2021-01-27 21:29:07');
INSERT INTO `wallpaper_tag` VALUES (50, 5, '2021-01-27 21:29:07', '2021-01-27 21:29:07');
INSERT INTO `wallpaper_tag` VALUES (50, 14, '2021-01-27 21:29:08', '2021-01-27 21:29:08');
INSERT INTO `wallpaper_tag` VALUES (50, 21, '2021-01-27 21:29:08', '2021-01-27 21:29:08');
INSERT INTO `wallpaper_tag` VALUES (51, 2, '2021-01-27 21:30:57', '2021-01-27 21:30:57');
INSERT INTO `wallpaper_tag` VALUES (51, 5, '2021-01-27 21:30:57', '2021-01-27 21:30:57');
INSERT INTO `wallpaper_tag` VALUES (51, 14, '2021-01-27 21:30:57', '2021-01-27 21:30:57');
INSERT INTO `wallpaper_tag` VALUES (51, 21, '2021-01-27 21:30:57', '2021-01-27 21:30:57');
INSERT INTO `wallpaper_tag` VALUES (52, 2, '2021-01-27 21:31:13', '2021-01-27 21:31:13');
INSERT INTO `wallpaper_tag` VALUES (52, 5, '2021-01-27 21:31:13', '2021-01-27 21:31:13');
INSERT INTO `wallpaper_tag` VALUES (52, 14, '2021-01-27 21:31:13', '2021-01-27 21:31:13');
INSERT INTO `wallpaper_tag` VALUES (52, 21, '2021-01-27 21:31:13', '2021-01-27 21:31:13');
INSERT INTO `wallpaper_tag` VALUES (53, 2, '2021-01-27 21:32:31', '2021-01-27 21:32:31');
INSERT INTO `wallpaper_tag` VALUES (53, 3, '2021-01-27 21:32:31', '2021-01-27 21:32:31');
INSERT INTO `wallpaper_tag` VALUES (53, 5, '2021-01-27 21:32:31', '2021-01-27 21:32:31');
INSERT INTO `wallpaper_tag` VALUES (53, 14, '2021-01-27 21:32:31', '2021-01-27 21:32:31');
INSERT INTO `wallpaper_tag` VALUES (53, 15, '2021-01-27 21:32:31', '2021-01-27 21:32:31');
INSERT INTO `wallpaper_tag` VALUES (53, 21, '2021-01-27 21:32:31', '2021-01-27 21:32:31');
INSERT INTO `wallpaper_tag` VALUES (54, 2, '2021-01-27 21:32:59', '2021-01-27 21:32:59');
INSERT INTO `wallpaper_tag` VALUES (54, 5, '2021-01-27 21:32:59', '2021-01-27 21:32:59');
INSERT INTO `wallpaper_tag` VALUES (54, 14, '2021-01-27 21:32:59', '2021-01-27 21:32:59');
INSERT INTO `wallpaper_tag` VALUES (54, 21, '2021-01-27 21:32:59', '2021-01-27 21:32:59');
INSERT INTO `wallpaper_tag` VALUES (55, 2, '2021-01-27 21:34:02', '2021-01-27 21:34:02');
INSERT INTO `wallpaper_tag` VALUES (55, 3, '2021-01-27 21:34:02', '2021-01-27 21:34:02');
INSERT INTO `wallpaper_tag` VALUES (55, 5, '2021-01-27 21:34:02', '2021-01-27 21:34:02');
INSERT INTO `wallpaper_tag` VALUES (55, 14, '2021-01-27 21:34:02', '2021-01-27 21:34:02');
INSERT INTO `wallpaper_tag` VALUES (55, 21, '2021-01-27 21:34:02', '2021-01-27 21:34:02');
INSERT INTO `wallpaper_tag` VALUES (56, 2, '2021-01-27 21:34:34', '2021-01-27 21:34:34');
INSERT INTO `wallpaper_tag` VALUES (56, 3, '2021-01-27 21:34:34', '2021-01-27 21:34:34');
INSERT INTO `wallpaper_tag` VALUES (56, 5, '2021-01-27 21:34:34', '2021-01-27 21:34:34');
INSERT INTO `wallpaper_tag` VALUES (56, 14, '2021-01-27 21:34:34', '2021-01-27 21:34:34');
INSERT INTO `wallpaper_tag` VALUES (56, 21, '2021-01-27 21:34:34', '2021-01-27 21:34:34');
INSERT INTO `wallpaper_tag` VALUES (57, 1, '2021-01-27 21:35:46', '2021-01-27 21:35:46');
INSERT INTO `wallpaper_tag` VALUES (57, 4, '2021-01-27 21:35:46', '2021-01-27 21:35:46');
INSERT INTO `wallpaper_tag` VALUES (57, 6, '2021-01-27 21:35:46', '2021-01-27 21:35:46');
INSERT INTO `wallpaper_tag` VALUES (57, 17, '2021-01-27 21:35:46', '2021-01-27 21:35:46');
INSERT INTO `wallpaper_tag` VALUES (57, 21, '2021-01-27 21:35:46', '2021-01-27 21:35:46');
INSERT INTO `wallpaper_tag` VALUES (57, 25, '2021-01-27 21:35:46', '2021-01-27 21:35:46');
INSERT INTO `wallpaper_tag` VALUES (58, 1, '2021-01-27 21:36:14', '2021-01-27 21:36:14');
INSERT INTO `wallpaper_tag` VALUES (58, 6, '2021-01-27 21:36:14', '2021-01-27 21:36:14');
INSERT INTO `wallpaper_tag` VALUES (58, 17, '2021-01-27 21:36:14', '2021-01-27 21:36:14');
INSERT INTO `wallpaper_tag` VALUES (58, 21, '2021-01-27 21:36:14', '2021-01-27 21:36:14');
INSERT INTO `wallpaper_tag` VALUES (58, 25, '2021-01-27 21:36:14', '2021-01-27 21:36:14');
INSERT INTO `wallpaper_tag` VALUES (59, 2, '2021-01-27 21:36:43', '2021-01-27 21:36:43');
INSERT INTO `wallpaper_tag` VALUES (59, 5, '2021-01-27 21:36:43', '2021-01-27 21:36:43');
INSERT INTO `wallpaper_tag` VALUES (59, 14, '2021-01-27 21:36:43', '2021-01-27 21:36:43');
INSERT INTO `wallpaper_tag` VALUES (59, 19, '2021-01-27 21:36:43', '2021-01-27 21:39:27');
INSERT INTO `wallpaper_tag` VALUES (60, 2, '2021-01-27 21:41:38', '2021-01-27 21:41:38');
INSERT INTO `wallpaper_tag` VALUES (60, 3, '2021-01-27 21:41:38', '2021-01-27 21:41:38');
INSERT INTO `wallpaper_tag` VALUES (60, 5, '2021-01-27 21:41:38', '2021-01-27 21:41:38');
INSERT INTO `wallpaper_tag` VALUES (60, 14, '2021-01-27 21:41:38', '2021-01-27 21:41:38');
INSERT INTO `wallpaper_tag` VALUES (60, 21, '2021-01-27 21:41:38', '2021-01-27 21:41:38');
INSERT INTO `wallpaper_tag` VALUES (61, 2, '2021-01-27 21:42:18', '2021-01-27 21:42:18');
INSERT INTO `wallpaper_tag` VALUES (61, 5, '2021-01-27 21:42:18', '2021-01-27 21:42:18');
INSERT INTO `wallpaper_tag` VALUES (61, 14, '2021-01-27 21:42:18', '2021-01-27 21:42:18');
INSERT INTO `wallpaper_tag` VALUES (61, 21, '2021-01-27 21:42:18', '2021-01-27 21:42:18');
INSERT INTO `wallpaper_tag` VALUES (62, 2, '2021-01-27 21:42:49', '2021-01-27 21:42:49');
INSERT INTO `wallpaper_tag` VALUES (62, 5, '2021-01-27 21:42:49', '2021-01-27 21:42:49');
INSERT INTO `wallpaper_tag` VALUES (62, 14, '2021-01-27 21:42:49', '2021-01-27 21:42:49');
INSERT INTO `wallpaper_tag` VALUES (62, 21, '2021-01-27 21:42:49', '2021-01-27 21:42:49');
INSERT INTO `wallpaper_tag` VALUES (63, 4, '2021-01-27 21:43:40', '2021-01-27 21:43:40');
INSERT INTO `wallpaper_tag` VALUES (63, 8, '2021-01-27 21:43:40', '2021-01-27 21:43:40');
INSERT INTO `wallpaper_tag` VALUES (63, 9, '2021-01-27 21:43:40', '2021-01-27 21:43:40');
INSERT INTO `wallpaper_tag` VALUES (63, 11, '2021-01-27 21:43:40', '2021-01-27 21:43:40');
INSERT INTO `wallpaper_tag` VALUES (63, 21, '2021-01-27 21:43:40', '2021-01-27 21:43:40');
INSERT INTO `wallpaper_tag` VALUES (64, 2, '2021-01-27 21:44:07', '2021-01-27 21:44:07');
INSERT INTO `wallpaper_tag` VALUES (64, 5, '2021-01-27 21:44:07', '2021-01-27 21:44:07');
INSERT INTO `wallpaper_tag` VALUES (64, 14, '2021-01-27 21:44:07', '2021-01-27 21:44:07');
INSERT INTO `wallpaper_tag` VALUES (64, 21, '2021-01-27 21:44:07', '2021-01-27 21:44:07');
INSERT INTO `wallpaper_tag` VALUES (65, 2, '2021-01-27 21:44:33', '2021-01-27 21:44:33');
INSERT INTO `wallpaper_tag` VALUES (65, 5, '2021-01-27 21:44:33', '2021-01-27 21:44:33');
INSERT INTO `wallpaper_tag` VALUES (65, 14, '2021-01-27 21:44:33', '2021-01-27 21:44:33');
INSERT INTO `wallpaper_tag` VALUES (65, 21, '2021-01-27 21:44:33', '2021-01-27 21:44:33');
INSERT INTO `wallpaper_tag` VALUES (66, 1, '2021-01-27 21:45:51', '2021-01-27 21:45:51');
INSERT INTO `wallpaper_tag` VALUES (66, 2, '2021-01-27 21:45:51', '2021-01-27 21:45:51');
INSERT INTO `wallpaper_tag` VALUES (66, 5, '2021-01-27 21:45:51', '2021-01-27 21:45:51');
INSERT INTO `wallpaper_tag` VALUES (66, 6, '2021-01-27 21:45:51', '2021-01-27 21:45:51');
INSERT INTO `wallpaper_tag` VALUES (66, 21, '2021-01-27 21:45:51', '2021-01-27 21:45:51');
INSERT INTO `wallpaper_tag` VALUES (67, 2, '2021-01-27 21:48:35', '2021-01-27 21:48:35');
INSERT INTO `wallpaper_tag` VALUES (67, 5, '2021-01-27 21:48:35', '2021-01-27 21:48:35');
INSERT INTO `wallpaper_tag` VALUES (67, 14, '2021-01-27 21:48:35', '2021-01-27 21:48:35');
INSERT INTO `wallpaper_tag` VALUES (67, 21, '2021-01-27 21:48:35', '2021-01-27 21:48:35');
INSERT INTO `wallpaper_tag` VALUES (68, 2, '2021-01-27 21:48:54', '2021-01-27 21:48:54');
INSERT INTO `wallpaper_tag` VALUES (68, 5, '2021-01-27 21:48:54', '2021-01-27 21:48:54');
INSERT INTO `wallpaper_tag` VALUES (68, 14, '2021-01-27 21:48:54', '2021-01-27 21:48:54');
INSERT INTO `wallpaper_tag` VALUES (68, 21, '2021-01-27 21:48:54', '2021-01-27 21:48:54');
INSERT INTO `wallpaper_tag` VALUES (69, 2, '2021-01-27 21:49:15', '2021-01-27 21:49:15');
INSERT INTO `wallpaper_tag` VALUES (69, 5, '2021-01-27 21:49:15', '2021-01-27 21:49:15');
INSERT INTO `wallpaper_tag` VALUES (69, 14, '2021-01-27 21:49:15', '2021-01-27 21:49:15');
INSERT INTO `wallpaper_tag` VALUES (69, 21, '2021-01-27 21:49:15', '2021-01-27 21:49:15');
INSERT INTO `wallpaper_tag` VALUES (70, 2, '2021-01-27 21:49:46', '2021-01-27 21:49:46');
INSERT INTO `wallpaper_tag` VALUES (70, 5, '2021-01-27 21:49:46', '2021-01-27 21:49:46');
INSERT INTO `wallpaper_tag` VALUES (70, 14, '2021-01-27 21:49:46', '2021-01-27 21:49:46');
INSERT INTO `wallpaper_tag` VALUES (70, 21, '2021-01-27 21:49:46', '2021-01-27 21:49:46');
INSERT INTO `wallpaper_tag` VALUES (71, 2, '2021-01-27 21:54:17', '2021-01-27 21:54:17');
INSERT INTO `wallpaper_tag` VALUES (71, 5, '2021-01-27 21:54:17', '2021-01-27 21:54:17');
INSERT INTO `wallpaper_tag` VALUES (71, 26, '2021-01-27 21:54:17', '2021-01-27 21:54:17');
INSERT INTO `wallpaper_tag` VALUES (72, 2, '2021-01-27 21:59:46', '2021-01-27 21:59:46');
INSERT INTO `wallpaper_tag` VALUES (72, 5, '2021-01-27 21:59:46', '2021-01-27 21:59:46');
INSERT INTO `wallpaper_tag` VALUES (72, 14, '2021-01-27 21:59:46', '2021-01-27 21:59:46');
INSERT INTO `wallpaper_tag` VALUES (72, 26, '2021-01-27 21:59:46', '2021-01-27 21:59:46');
INSERT INTO `wallpaper_tag` VALUES (73, 2, '2021-01-27 22:32:53', '2021-01-27 22:32:53');
INSERT INTO `wallpaper_tag` VALUES (73, 5, '2021-01-27 22:32:53', '2021-01-27 22:32:53');
INSERT INTO `wallpaper_tag` VALUES (73, 14, '2021-01-27 22:32:53', '2021-01-27 22:32:53');
INSERT INTO `wallpaper_tag` VALUES (73, 19, '2021-01-27 22:32:53', '2021-01-27 22:32:53');
INSERT INTO `wallpaper_tag` VALUES (74, 2, '2021-01-27 22:35:16', '2021-01-27 22:35:16');
INSERT INTO `wallpaper_tag` VALUES (74, 5, '2021-01-27 22:35:16', '2021-01-27 22:35:16');
INSERT INTO `wallpaper_tag` VALUES (74, 17, '2021-01-27 22:35:16', '2021-01-27 22:35:16');
INSERT INTO `wallpaper_tag` VALUES (74, 21, '2021-01-27 22:35:16', '2021-01-27 22:35:16');
INSERT INTO `wallpaper_tag` VALUES (75, 2, '2021-01-28 09:40:18', '2021-01-28 09:40:18');
INSERT INTO `wallpaper_tag` VALUES (75, 5, '2021-01-28 09:40:18', '2021-01-28 09:40:18');
INSERT INTO `wallpaper_tag` VALUES (75, 21, '2021-01-28 09:40:18', '2021-01-28 09:40:18');
INSERT INTO `wallpaper_tag` VALUES (75, 26, '2021-01-28 09:40:18', '2021-01-28 09:40:18');
INSERT INTO `wallpaper_tag` VALUES (76, 2, '2021-01-28 19:11:10', '2021-01-28 19:11:10');
INSERT INTO `wallpaper_tag` VALUES (76, 5, '2021-01-28 19:11:10', '2021-01-28 19:11:10');
INSERT INTO `wallpaper_tag` VALUES (76, 14, '2021-01-28 19:11:10', '2021-01-28 19:11:10');
INSERT INTO `wallpaper_tag` VALUES (76, 21, '2021-01-28 19:11:10', '2021-01-28 19:11:10');
INSERT INTO `wallpaper_tag` VALUES (77, 2, '2021-01-28 19:13:13', '2021-01-28 19:13:13');
INSERT INTO `wallpaper_tag` VALUES (77, 5, '2021-01-28 19:13:13', '2021-01-28 19:13:13');
INSERT INTO `wallpaper_tag` VALUES (77, 18, '2021-01-28 19:13:13', '2021-01-28 19:13:13');
INSERT INTO `wallpaper_tag` VALUES (77, 21, '2021-01-28 19:13:13', '2021-01-28 19:13:13');
INSERT INTO `wallpaper_tag` VALUES (77, 26, '2021-01-28 19:13:13', '2021-01-28 19:13:13');
INSERT INTO `wallpaper_tag` VALUES (78, 2, '2021-01-28 19:14:01', '2021-01-28 19:14:01');
INSERT INTO `wallpaper_tag` VALUES (78, 4, '2021-01-28 19:14:01', '2021-01-28 19:14:01');
INSERT INTO `wallpaper_tag` VALUES (78, 5, '2021-01-28 19:14:01', '2021-01-28 19:14:01');
INSERT INTO `wallpaper_tag` VALUES (78, 18, '2021-01-28 19:14:01', '2021-01-28 19:14:01');
INSERT INTO `wallpaper_tag` VALUES (78, 21, '2021-01-28 19:14:01', '2021-01-28 19:14:01');
INSERT INTO `wallpaper_tag` VALUES (78, 26, '2021-01-28 19:14:01', '2021-01-28 19:14:01');
INSERT INTO `wallpaper_tag` VALUES (79, 2, '2021-01-28 19:14:39', '2021-01-28 19:14:39');
INSERT INTO `wallpaper_tag` VALUES (79, 4, '2021-01-28 19:14:39', '2021-01-28 19:14:39');
INSERT INTO `wallpaper_tag` VALUES (79, 5, '2021-01-28 19:14:39', '2021-01-28 19:14:39');
INSERT INTO `wallpaper_tag` VALUES (79, 14, '2021-01-28 19:14:39', '2021-01-28 19:14:39');
INSERT INTO `wallpaper_tag` VALUES (79, 21, '2021-01-28 19:14:39', '2021-01-28 19:14:39');
INSERT INTO `wallpaper_tag` VALUES (79, 26, '2021-01-28 19:14:39', '2021-01-28 19:14:39');
INSERT INTO `wallpaper_tag` VALUES (80, 2, '2021-01-28 19:15:10', '2021-01-28 19:15:10');
INSERT INTO `wallpaper_tag` VALUES (80, 5, '2021-01-28 19:15:10', '2021-01-28 19:15:10');
INSERT INTO `wallpaper_tag` VALUES (80, 18, '2021-01-28 19:15:10', '2021-01-28 19:15:10');
INSERT INTO `wallpaper_tag` VALUES (80, 21, '2021-01-28 19:15:10', '2021-01-28 19:15:10');
INSERT INTO `wallpaper_tag` VALUES (80, 26, '2021-01-28 19:15:10', '2021-01-28 19:15:10');
INSERT INTO `wallpaper_tag` VALUES (81, 18, '2021-01-28 19:15:35', '2021-01-28 19:15:35');
INSERT INTO `wallpaper_tag` VALUES (81, 26, '2021-01-28 19:15:35', '2021-01-28 19:15:35');
INSERT INTO `wallpaper_tag` VALUES (82, 2, '2021-01-28 19:15:59', '2021-01-28 19:15:59');
INSERT INTO `wallpaper_tag` VALUES (82, 4, '2021-01-28 19:15:59', '2021-01-28 19:15:59');
INSERT INTO `wallpaper_tag` VALUES (82, 5, '2021-01-28 19:15:59', '2021-01-28 19:15:59');
INSERT INTO `wallpaper_tag` VALUES (82, 18, '2021-01-28 19:15:59', '2021-01-28 19:15:59');
INSERT INTO `wallpaper_tag` VALUES (82, 26, '2021-01-28 19:15:59', '2021-01-28 19:15:59');
INSERT INTO `wallpaper_tag` VALUES (83, 4, '2021-01-28 19:16:23', '2021-01-28 19:16:23');
INSERT INTO `wallpaper_tag` VALUES (83, 5, '2021-01-28 19:16:23', '2021-01-28 19:16:23');
INSERT INTO `wallpaper_tag` VALUES (83, 18, '2021-01-28 19:16:23', '2021-01-28 19:16:23');
INSERT INTO `wallpaper_tag` VALUES (83, 26, '2021-01-28 19:16:23', '2021-01-28 19:16:23');
INSERT INTO `wallpaper_tag` VALUES (84, 2, '2021-01-28 19:16:46', '2021-01-28 19:16:46');
INSERT INTO `wallpaper_tag` VALUES (84, 4, '2021-01-28 19:16:46', '2021-01-28 19:16:46');
INSERT INTO `wallpaper_tag` VALUES (84, 18, '2021-01-28 19:16:46', '2021-01-28 19:16:46');
INSERT INTO `wallpaper_tag` VALUES (84, 26, '2021-01-28 19:16:46', '2021-01-28 19:16:46');
INSERT INTO `wallpaper_tag` VALUES (85, 2, '2021-01-28 19:17:09', '2021-01-28 19:17:09');
INSERT INTO `wallpaper_tag` VALUES (85, 5, '2021-01-28 19:17:09', '2021-01-28 19:17:09');
INSERT INTO `wallpaper_tag` VALUES (85, 18, '2021-01-28 19:17:09', '2021-01-28 19:17:09');
INSERT INTO `wallpaper_tag` VALUES (85, 26, '2021-01-28 19:17:09', '2021-01-28 19:17:09');
INSERT INTO `wallpaper_tag` VALUES (86, 2, '2021-01-28 19:17:28', '2021-01-28 19:17:28');
INSERT INTO `wallpaper_tag` VALUES (86, 5, '2021-01-28 19:17:28', '2021-01-28 19:17:28');
INSERT INTO `wallpaper_tag` VALUES (86, 10, '2021-01-28 19:17:28', '2021-01-28 19:17:28');
INSERT INTO `wallpaper_tag` VALUES (86, 21, '2021-01-28 19:17:28', '2021-01-28 19:17:28');
INSERT INTO `wallpaper_tag` VALUES (86, 26, '2021-01-28 19:17:28', '2021-01-28 19:17:28');
INSERT INTO `wallpaper_tag` VALUES (87, 2, '2021-01-28 19:17:53', '2021-01-28 19:17:53');
INSERT INTO `wallpaper_tag` VALUES (87, 4, '2021-01-28 19:17:53', '2021-01-28 19:17:53');
INSERT INTO `wallpaper_tag` VALUES (87, 5, '2021-01-28 19:17:53', '2021-01-28 19:17:53');
INSERT INTO `wallpaper_tag` VALUES (87, 21, '2021-01-28 19:17:53', '2021-01-28 19:17:53');
INSERT INTO `wallpaper_tag` VALUES (87, 26, '2021-01-28 19:17:53', '2021-01-28 19:17:53');
INSERT INTO `wallpaper_tag` VALUES (88, 2, '2021-01-28 19:18:17', '2021-01-28 19:18:17');
INSERT INTO `wallpaper_tag` VALUES (88, 4, '2021-01-28 19:18:17', '2021-01-28 19:18:17');
INSERT INTO `wallpaper_tag` VALUES (88, 5, '2021-01-28 19:18:17', '2021-01-28 19:18:17');
INSERT INTO `wallpaper_tag` VALUES (88, 18, '2021-01-28 19:18:17', '2021-01-28 19:18:17');
INSERT INTO `wallpaper_tag` VALUES (88, 26, '2021-01-28 19:18:17', '2021-01-28 19:18:17');
INSERT INTO `wallpaper_tag` VALUES (89, 2, '2021-01-28 19:18:46', '2021-01-28 19:18:46');
INSERT INTO `wallpaper_tag` VALUES (89, 4, '2021-01-28 19:18:46', '2021-01-28 19:18:46');
INSERT INTO `wallpaper_tag` VALUES (89, 5, '2021-01-28 19:18:46', '2021-01-28 19:18:46');
INSERT INTO `wallpaper_tag` VALUES (89, 21, '2021-01-28 19:18:46', '2021-01-28 19:18:46');
INSERT INTO `wallpaper_tag` VALUES (89, 26, '2021-01-28 19:18:46', '2021-01-28 19:18:46');
INSERT INTO `wallpaper_tag` VALUES (90, 2, '2021-01-28 19:19:05', '2021-01-28 19:19:05');
INSERT INTO `wallpaper_tag` VALUES (90, 4, '2021-01-28 19:19:05', '2021-01-28 19:19:05');
INSERT INTO `wallpaper_tag` VALUES (90, 18, '2021-01-28 19:19:05', '2021-01-28 19:19:05');
INSERT INTO `wallpaper_tag` VALUES (90, 26, '2021-01-28 19:19:05', '2021-01-28 19:19:05');
INSERT INTO `wallpaper_tag` VALUES (91, 2, '2021-01-28 19:19:31', '2021-01-28 19:19:31');
INSERT INTO `wallpaper_tag` VALUES (91, 4, '2021-01-28 19:19:31', '2021-01-28 19:19:31');
INSERT INTO `wallpaper_tag` VALUES (91, 5, '2021-01-28 19:19:31', '2021-01-28 19:19:31');
INSERT INTO `wallpaper_tag` VALUES (91, 21, '2021-01-28 19:19:31', '2021-01-28 19:19:31');
INSERT INTO `wallpaper_tag` VALUES (91, 26, '2021-01-28 19:19:31', '2021-01-28 19:19:31');
INSERT INTO `wallpaper_tag` VALUES (92, 2, '2021-01-28 19:19:54', '2021-01-28 19:19:54');
INSERT INTO `wallpaper_tag` VALUES (92, 4, '2021-01-28 19:19:54', '2021-01-28 19:19:54');
INSERT INTO `wallpaper_tag` VALUES (92, 18, '2021-01-28 19:19:54', '2021-01-28 19:19:54');
INSERT INTO `wallpaper_tag` VALUES (92, 26, '2021-01-28 19:19:54', '2021-01-28 19:19:54');
INSERT INTO `wallpaper_tag` VALUES (93, 2, '2021-01-28 19:20:13', '2021-01-28 19:20:13');
INSERT INTO `wallpaper_tag` VALUES (93, 4, '2021-01-28 19:20:13', '2021-01-28 19:20:13');
INSERT INTO `wallpaper_tag` VALUES (93, 5, '2021-01-28 19:20:13', '2021-01-28 19:20:13');
INSERT INTO `wallpaper_tag` VALUES (93, 14, '2021-01-28 19:20:13', '2021-01-28 19:20:13');
INSERT INTO `wallpaper_tag` VALUES (93, 21, '2021-01-28 19:20:13', '2021-01-28 19:20:13');
INSERT INTO `wallpaper_tag` VALUES (93, 26, '2021-01-28 19:20:13', '2021-01-28 19:20:13');
INSERT INTO `wallpaper_tag` VALUES (94, 2, '2021-01-28 19:20:43', '2021-01-28 19:20:43');
INSERT INTO `wallpaper_tag` VALUES (94, 4, '2021-01-28 19:20:43', '2021-01-28 19:20:43');
INSERT INTO `wallpaper_tag` VALUES (94, 5, '2021-01-28 19:20:43', '2021-01-28 19:20:43');
INSERT INTO `wallpaper_tag` VALUES (94, 18, '2021-01-28 19:20:43', '2021-01-28 19:20:43');
INSERT INTO `wallpaper_tag` VALUES (94, 26, '2021-01-28 19:20:43', '2021-01-28 19:20:43');
INSERT INTO `wallpaper_tag` VALUES (95, 2, '2021-01-28 19:21:25', '2021-01-28 19:21:25');
INSERT INTO `wallpaper_tag` VALUES (95, 4, '2021-01-28 19:21:25', '2021-01-28 19:21:25');
INSERT INTO `wallpaper_tag` VALUES (95, 5, '2021-01-28 19:21:25', '2021-01-28 19:21:25');
INSERT INTO `wallpaper_tag` VALUES (95, 18, '2021-01-28 19:21:25', '2021-01-28 19:21:25');
INSERT INTO `wallpaper_tag` VALUES (95, 26, '2021-01-28 19:21:26', '2021-01-28 19:21:26');
INSERT INTO `wallpaper_tag` VALUES (96, 2, '2021-01-28 19:21:57', '2021-01-28 19:21:57');
INSERT INTO `wallpaper_tag` VALUES (96, 4, '2021-01-28 19:21:57', '2021-01-28 19:21:57');
INSERT INTO `wallpaper_tag` VALUES (96, 5, '2021-01-28 19:21:57', '2021-01-28 19:21:57');
INSERT INTO `wallpaper_tag` VALUES (96, 21, '2021-01-28 19:21:57', '2021-01-28 19:21:57');
INSERT INTO `wallpaper_tag` VALUES (96, 26, '2021-01-28 19:21:57', '2021-01-28 19:21:57');
INSERT INTO `wallpaper_tag` VALUES (97, 2, '2021-01-28 19:22:18', '2021-01-28 19:22:18');
INSERT INTO `wallpaper_tag` VALUES (97, 4, '2021-01-28 19:22:18', '2021-01-28 19:22:18');
INSERT INTO `wallpaper_tag` VALUES (97, 18, '2021-01-28 19:22:18', '2021-01-28 19:22:18');
INSERT INTO `wallpaper_tag` VALUES (97, 26, '2021-01-28 19:22:18', '2021-01-28 19:22:18');
INSERT INTO `wallpaper_tag` VALUES (98, 4, '2021-01-28 19:22:48', '2021-01-28 19:22:48');
INSERT INTO `wallpaper_tag` VALUES (98, 5, '2021-01-28 19:22:48', '2021-01-28 19:22:48');
INSERT INTO `wallpaper_tag` VALUES (98, 18, '2021-01-28 19:22:48', '2021-01-28 19:22:48');
INSERT INTO `wallpaper_tag` VALUES (98, 26, '2021-01-28 19:22:48', '2021-01-28 19:22:48');
INSERT INTO `wallpaper_tag` VALUES (99, 4, '2021-01-28 19:25:19', '2021-01-28 19:25:19');
INSERT INTO `wallpaper_tag` VALUES (99, 18, '2021-01-28 19:25:19', '2021-01-28 19:25:19');
INSERT INTO `wallpaper_tag` VALUES (99, 26, '2021-01-28 19:25:19', '2021-01-28 19:25:19');
INSERT INTO `wallpaper_tag` VALUES (100, 2, '2021-01-28 19:26:19', '2021-01-28 19:26:19');
INSERT INTO `wallpaper_tag` VALUES (100, 4, '2021-01-28 19:26:19', '2021-01-28 19:26:19');
INSERT INTO `wallpaper_tag` VALUES (100, 19, '2021-01-28 19:26:19', '2021-01-28 19:26:19');
INSERT INTO `wallpaper_tag` VALUES (101, 2, '2021-01-28 19:27:08', '2021-01-28 19:27:08');
INSERT INTO `wallpaper_tag` VALUES (101, 4, '2021-01-28 19:27:08', '2021-01-28 19:27:08');
INSERT INTO `wallpaper_tag` VALUES (101, 21, '2021-01-28 19:27:08', '2021-01-28 19:27:08');
INSERT INTO `wallpaper_tag` VALUES (102, 2, '2021-01-28 19:27:31', '2021-01-28 19:27:31');
INSERT INTO `wallpaper_tag` VALUES (102, 19, '2021-01-28 19:27:31', '2021-01-28 19:27:31');
INSERT INTO `wallpaper_tag` VALUES (103, 4, '2021-01-28 19:28:14', '2021-01-28 19:28:14');
INSERT INTO `wallpaper_tag` VALUES (103, 18, '2021-01-28 19:28:14', '2021-01-28 19:28:14');
INSERT INTO `wallpaper_tag` VALUES (103, 26, '2021-01-28 19:28:14', '2021-01-28 19:28:14');
INSERT INTO `wallpaper_tag` VALUES (104, 4, '2021-01-28 19:28:37', '2021-01-28 19:28:37');
INSERT INTO `wallpaper_tag` VALUES (104, 18, '2021-01-28 19:28:37', '2021-01-28 19:28:37');
INSERT INTO `wallpaper_tag` VALUES (104, 26, '2021-01-28 19:28:37', '2021-01-28 19:28:37');
INSERT INTO `wallpaper_tag` VALUES (105, 4, '2021-01-28 19:28:57', '2021-01-28 19:28:57');
INSERT INTO `wallpaper_tag` VALUES (105, 18, '2021-01-28 19:28:57', '2021-01-28 19:28:57');
INSERT INTO `wallpaper_tag` VALUES (105, 26, '2021-01-28 19:28:57', '2021-01-28 19:28:57');
INSERT INTO `wallpaper_tag` VALUES (106, 19, '2021-01-28 19:29:29', '2021-01-28 19:29:29');
INSERT INTO `wallpaper_tag` VALUES (107, 2, '2021-01-28 19:29:48', '2021-01-28 19:29:48');
INSERT INTO `wallpaper_tag` VALUES (107, 4, '2021-01-28 19:29:48', '2021-01-28 19:29:48');
INSERT INTO `wallpaper_tag` VALUES (107, 19, '2021-01-28 19:29:48', '2021-01-28 19:29:48');
INSERT INTO `wallpaper_tag` VALUES (108, 4, '2021-01-28 19:30:07', '2021-01-28 19:30:07');
INSERT INTO `wallpaper_tag` VALUES (108, 5, '2021-01-28 19:30:07', '2021-01-28 19:30:07');
INSERT INTO `wallpaper_tag` VALUES (108, 26, '2021-01-28 19:30:07', '2021-01-28 19:30:07');
INSERT INTO `wallpaper_tag` VALUES (109, 4, '2021-01-28 19:30:27', '2021-01-28 19:30:27');
INSERT INTO `wallpaper_tag` VALUES (109, 5, '2021-01-28 19:30:28', '2021-01-28 19:30:28');
INSERT INTO `wallpaper_tag` VALUES (109, 26, '2021-01-28 19:30:28', '2021-01-28 19:30:28');
INSERT INTO `wallpaper_tag` VALUES (110, 4, '2021-01-28 19:30:48', '2021-01-28 19:30:48');
INSERT INTO `wallpaper_tag` VALUES (110, 18, '2021-01-28 19:30:48', '2021-01-28 19:30:48');
INSERT INTO `wallpaper_tag` VALUES (110, 26, '2021-01-28 19:30:48', '2021-01-28 19:30:48');
INSERT INTO `wallpaper_tag` VALUES (111, 4, '2021-01-28 19:31:07', '2021-01-28 19:31:07');
INSERT INTO `wallpaper_tag` VALUES (111, 18, '2021-01-28 19:31:07', '2021-01-28 19:31:07');
INSERT INTO `wallpaper_tag` VALUES (111, 26, '2021-01-28 19:31:07', '2021-01-28 19:31:07');
INSERT INTO `wallpaper_tag` VALUES (112, 2, '2021-01-28 19:31:33', '2021-01-28 19:31:33');
INSERT INTO `wallpaper_tag` VALUES (112, 4, '2021-01-28 19:31:33', '2021-01-28 19:31:33');
INSERT INTO `wallpaper_tag` VALUES (112, 5, '2021-01-28 19:31:33', '2021-01-28 19:31:33');
INSERT INTO `wallpaper_tag` VALUES (112, 26, '2021-01-28 19:31:33', '2021-01-28 19:31:33');
INSERT INTO `wallpaper_tag` VALUES (113, 4, '2021-01-28 19:31:57', '2021-01-28 19:31:57');
INSERT INTO `wallpaper_tag` VALUES (113, 5, '2021-01-28 19:31:57', '2021-01-28 19:31:57');
INSERT INTO `wallpaper_tag` VALUES (113, 21, '2021-01-28 19:31:57', '2021-01-28 19:31:57');
INSERT INTO `wallpaper_tag` VALUES (113, 26, '2021-01-28 19:31:57', '2021-01-28 19:31:57');
INSERT INTO `wallpaper_tag` VALUES (114, 5, '2021-01-28 19:32:17', '2021-01-28 19:32:17');
INSERT INTO `wallpaper_tag` VALUES (114, 18, '2021-01-28 19:32:17', '2021-01-28 19:32:17');
INSERT INTO `wallpaper_tag` VALUES (114, 26, '2021-01-28 19:32:17', '2021-01-28 19:32:17');
INSERT INTO `wallpaper_tag` VALUES (115, 2, '2021-01-28 19:32:39', '2021-01-28 19:32:39');
INSERT INTO `wallpaper_tag` VALUES (115, 5, '2021-01-28 19:32:39', '2021-01-28 19:32:39');
INSERT INTO `wallpaper_tag` VALUES (115, 18, '2021-01-28 19:32:39', '2021-01-28 19:32:39');
INSERT INTO `wallpaper_tag` VALUES (115, 26, '2021-01-28 19:32:39', '2021-01-28 19:32:39');
INSERT INTO `wallpaper_tag` VALUES (116, 5, '2021-01-28 19:32:58', '2021-01-28 19:32:58');
INSERT INTO `wallpaper_tag` VALUES (116, 18, '2021-01-28 19:32:58', '2021-01-28 19:32:58');
INSERT INTO `wallpaper_tag` VALUES (116, 26, '2021-01-28 19:32:58', '2021-01-28 19:32:58');
INSERT INTO `wallpaper_tag` VALUES (117, 2, '2021-01-28 19:33:20', '2021-01-28 19:33:20');
INSERT INTO `wallpaper_tag` VALUES (117, 4, '2021-01-28 19:33:20', '2021-01-28 19:33:20');
INSERT INTO `wallpaper_tag` VALUES (117, 5, '2021-01-28 19:33:20', '2021-01-28 19:33:20');
INSERT INTO `wallpaper_tag` VALUES (117, 21, '2021-01-28 19:33:20', '2021-01-28 19:33:20');
INSERT INTO `wallpaper_tag` VALUES (117, 26, '2021-01-28 19:33:20', '2021-01-28 19:33:20');
INSERT INTO `wallpaper_tag` VALUES (118, 4, '2021-01-28 19:34:00', '2021-01-28 19:34:00');
INSERT INTO `wallpaper_tag` VALUES (118, 18, '2021-01-28 19:34:00', '2021-01-28 19:34:00');
INSERT INTO `wallpaper_tag` VALUES (118, 21, '2021-01-28 19:34:00', '2021-01-28 19:34:00');
INSERT INTO `wallpaper_tag` VALUES (119, 2, '2021-01-28 19:35:00', '2021-01-28 19:35:00');
INSERT INTO `wallpaper_tag` VALUES (119, 4, '2021-01-28 19:35:00', '2021-01-28 19:35:00');
INSERT INTO `wallpaper_tag` VALUES (119, 5, '2021-01-28 19:35:00', '2021-01-28 19:35:00');
INSERT INTO `wallpaper_tag` VALUES (119, 21, '2021-01-28 19:35:00', '2021-01-28 19:35:00');
INSERT INTO `wallpaper_tag` VALUES (119, 26, '2021-01-28 19:35:00', '2021-01-28 19:35:00');
INSERT INTO `wallpaper_tag` VALUES (120, 4, '2021-01-28 19:36:04', '2021-01-28 19:36:04');
INSERT INTO `wallpaper_tag` VALUES (120, 18, '2021-01-28 19:36:04', '2021-01-28 19:36:04');
INSERT INTO `wallpaper_tag` VALUES (120, 26, '2021-01-28 19:36:04', '2021-01-28 19:36:04');
INSERT INTO `wallpaper_tag` VALUES (121, 4, '2021-01-28 19:36:20', '2021-01-28 19:36:20');
INSERT INTO `wallpaper_tag` VALUES (121, 18, '2021-01-28 19:36:20', '2021-01-28 19:36:20');
INSERT INTO `wallpaper_tag` VALUES (121, 26, '2021-01-28 19:36:20', '2021-01-28 19:36:20');
INSERT INTO `wallpaper_tag` VALUES (122, 5, '2021-01-28 19:36:48', '2021-01-28 19:36:48');
INSERT INTO `wallpaper_tag` VALUES (122, 14, '2021-01-28 19:36:48', '2021-01-28 19:36:48');
INSERT INTO `wallpaper_tag` VALUES (122, 19, '2021-01-28 19:36:48', '2021-01-28 19:36:48');
INSERT INTO `wallpaper_tag` VALUES (123, 5, '2021-01-28 19:37:10', '2021-01-28 19:37:10');
INSERT INTO `wallpaper_tag` VALUES (123, 19, '2021-01-28 19:37:10', '2021-01-28 19:37:10');
INSERT INTO `wallpaper_tag` VALUES (124, 5, '2021-01-28 19:37:28', '2021-01-28 19:37:28');
INSERT INTO `wallpaper_tag` VALUES (124, 19, '2021-01-28 19:37:28', '2021-01-28 19:37:28');
INSERT INTO `wallpaper_tag` VALUES (125, 4, '2021-01-28 19:37:53', '2021-01-28 19:37:53');
INSERT INTO `wallpaper_tag` VALUES (125, 5, '2021-01-28 19:37:53', '2021-01-28 19:37:53');
INSERT INTO `wallpaper_tag` VALUES (125, 21, '2021-01-28 19:37:53', '2021-01-28 19:37:53');
INSERT INTO `wallpaper_tag` VALUES (126, 4, '2021-01-28 19:38:15', '2021-01-28 19:38:15');
INSERT INTO `wallpaper_tag` VALUES (126, 5, '2021-01-28 19:38:15', '2021-01-28 19:38:15');
INSERT INTO `wallpaper_tag` VALUES (126, 21, '2021-01-28 19:38:15', '2021-01-28 19:38:15');
INSERT INTO `wallpaper_tag` VALUES (127, 4, '2021-01-28 19:38:34', '2021-01-28 19:38:34');
INSERT INTO `wallpaper_tag` VALUES (127, 5, '2021-01-28 19:38:34', '2021-01-28 19:38:34');
INSERT INTO `wallpaper_tag` VALUES (127, 21, '2021-01-28 19:38:34', '2021-01-28 19:38:34');
INSERT INTO `wallpaper_tag` VALUES (128, 4, '2021-01-28 19:38:58', '2021-01-28 19:38:58');
INSERT INTO `wallpaper_tag` VALUES (128, 5, '2021-01-28 19:38:58', '2021-01-28 19:38:58');
INSERT INTO `wallpaper_tag` VALUES (128, 19, '2021-01-28 19:38:58', '2021-01-28 19:38:58');
INSERT INTO `wallpaper_tag` VALUES (129, 4, '2021-01-28 19:39:15', '2021-01-28 19:39:15');
INSERT INTO `wallpaper_tag` VALUES (129, 5, '2021-01-28 19:39:15', '2021-01-28 19:39:15');
INSERT INTO `wallpaper_tag` VALUES (129, 19, '2021-01-28 19:39:15', '2021-01-28 19:39:15');
INSERT INTO `wallpaper_tag` VALUES (130, 4, '2021-01-28 19:39:34', '2021-01-28 19:39:34');
INSERT INTO `wallpaper_tag` VALUES (130, 5, '2021-01-28 19:39:34', '2021-01-28 19:39:34');
INSERT INTO `wallpaper_tag` VALUES (130, 19, '2021-01-28 19:39:34', '2021-01-28 19:39:34');
INSERT INTO `wallpaper_tag` VALUES (131, 4, '2021-01-28 19:39:51', '2021-01-28 19:39:51');
INSERT INTO `wallpaper_tag` VALUES (131, 5, '2021-01-28 19:39:51', '2021-01-28 19:39:51');
INSERT INTO `wallpaper_tag` VALUES (131, 19, '2021-01-28 19:39:51', '2021-01-28 19:39:51');
INSERT INTO `wallpaper_tag` VALUES (132, 4, '2021-01-28 19:40:11', '2021-01-28 19:40:11');
INSERT INTO `wallpaper_tag` VALUES (132, 5, '2021-01-28 19:40:11', '2021-01-28 19:40:11');
INSERT INTO `wallpaper_tag` VALUES (132, 19, '2021-01-28 19:40:11', '2021-01-28 19:40:11');
INSERT INTO `wallpaper_tag` VALUES (133, 4, '2021-01-28 19:40:32', '2021-01-28 19:40:32');
INSERT INTO `wallpaper_tag` VALUES (133, 5, '2021-01-28 19:40:32', '2021-01-28 19:40:32');
INSERT INTO `wallpaper_tag` VALUES (133, 19, '2021-01-28 19:40:32', '2021-01-28 19:40:32');
INSERT INTO `wallpaper_tag` VALUES (134, 4, '2021-01-28 19:40:48', '2021-01-28 19:40:48');
INSERT INTO `wallpaper_tag` VALUES (134, 5, '2021-01-28 19:40:48', '2021-01-28 19:40:48');
INSERT INTO `wallpaper_tag` VALUES (134, 19, '2021-01-28 19:40:48', '2021-01-28 19:40:48');
INSERT INTO `wallpaper_tag` VALUES (135, 4, '2021-01-28 19:41:09', '2021-01-28 19:41:09');
INSERT INTO `wallpaper_tag` VALUES (135, 5, '2021-01-28 19:41:09', '2021-01-28 19:41:09');
INSERT INTO `wallpaper_tag` VALUES (135, 19, '2021-01-28 19:41:09', '2021-01-28 19:41:09');
INSERT INTO `wallpaper_tag` VALUES (136, 1, '2021-01-28 19:41:42', '2021-01-28 19:41:42');
INSERT INTO `wallpaper_tag` VALUES (136, 4, '2021-01-28 19:41:42', '2021-01-28 19:41:42');
INSERT INTO `wallpaper_tag` VALUES (136, 5, '2021-01-28 19:41:42', '2021-01-28 19:41:42');
INSERT INTO `wallpaper_tag` VALUES (136, 9, '2021-01-28 19:41:42', '2021-01-28 19:41:42');
INSERT INTO `wallpaper_tag` VALUES (136, 21, '2021-01-28 19:41:42', '2021-01-28 19:41:42');
INSERT INTO `wallpaper_tag` VALUES (137, 2, '2021-01-28 20:04:46', '2021-01-28 20:04:46');
INSERT INTO `wallpaper_tag` VALUES (137, 5, '2021-01-28 20:04:46', '2021-01-28 20:04:46');
INSERT INTO `wallpaper_tag` VALUES (137, 17, '2021-01-28 20:04:46', '2021-01-28 20:04:46');
INSERT INTO `wallpaper_tag` VALUES (137, 21, '2021-01-28 20:04:46', '2021-01-28 20:04:46');
INSERT INTO `wallpaper_tag` VALUES (138, 2, '2021-01-28 20:05:08', '2021-01-28 20:05:08');
INSERT INTO `wallpaper_tag` VALUES (138, 21, '2021-01-28 20:05:08', '2021-01-28 20:05:08');
INSERT INTO `wallpaper_tag` VALUES (139, 1, '2021-01-28 20:05:34', '2021-01-28 20:05:34');
INSERT INTO `wallpaper_tag` VALUES (139, 3, '2021-01-28 20:05:34', '2021-01-28 20:05:34');
INSERT INTO `wallpaper_tag` VALUES (139, 9, '2021-01-28 20:05:34', '2021-01-28 20:05:34');
INSERT INTO `wallpaper_tag` VALUES (139, 14, '2021-01-28 20:05:34', '2021-01-28 20:05:34');
INSERT INTO `wallpaper_tag` VALUES (139, 15, '2021-01-28 20:05:34', '2021-01-28 20:05:34');
INSERT INTO `wallpaper_tag` VALUES (139, 21, '2021-01-28 20:05:34', '2021-01-28 20:05:34');
INSERT INTO `wallpaper_tag` VALUES (140, 4, '2021-01-28 20:05:56', '2021-01-28 20:05:56');
INSERT INTO `wallpaper_tag` VALUES (140, 11, '2021-01-28 20:05:56', '2021-01-28 20:05:56');
INSERT INTO `wallpaper_tag` VALUES (140, 19, '2021-01-28 20:05:56', '2021-01-28 20:05:56');
INSERT INTO `wallpaper_tag` VALUES (141, 2, '2021-01-28 20:06:19', '2021-01-28 20:06:19');
INSERT INTO `wallpaper_tag` VALUES (141, 5, '2021-01-28 20:06:19', '2021-01-28 20:06:19');
INSERT INTO `wallpaper_tag` VALUES (141, 19, '2021-01-28 20:06:19', '2021-01-28 20:06:19');
INSERT INTO `wallpaper_tag` VALUES (142, 2, '2021-01-28 20:07:16', '2021-01-28 20:07:16');
INSERT INTO `wallpaper_tag` VALUES (142, 5, '2021-01-28 20:07:16', '2021-01-28 20:07:16');
INSERT INTO `wallpaper_tag` VALUES (142, 19, '2021-01-28 20:07:16', '2021-01-28 20:07:16');
INSERT INTO `wallpaper_tag` VALUES (143, 2, '2021-01-28 20:07:41', '2021-01-28 20:07:41');
INSERT INTO `wallpaper_tag` VALUES (143, 5, '2021-01-28 20:07:41', '2021-01-28 20:07:41');
INSERT INTO `wallpaper_tag` VALUES (144, 5, '2021-01-28 20:07:56', '2021-01-28 20:07:56');
INSERT INTO `wallpaper_tag` VALUES (144, 21, '2021-01-28 20:07:56', '2021-01-28 20:07:56');
INSERT INTO `wallpaper_tag` VALUES (145, 2, '2021-01-28 20:33:56', '2021-01-28 20:33:56');
INSERT INTO `wallpaper_tag` VALUES (145, 5, '2021-01-28 20:33:56', '2021-01-28 20:33:56');
INSERT INTO `wallpaper_tag` VALUES (145, 21, '2021-01-28 20:33:56', '2021-01-28 20:33:56');
INSERT INTO `wallpaper_tag` VALUES (146, 1, '2021-01-28 20:34:26', '2021-01-28 20:34:26');
INSERT INTO `wallpaper_tag` VALUES (146, 6, '2021-01-28 20:34:26', '2021-01-28 20:34:26');
INSERT INTO `wallpaper_tag` VALUES (146, 14, '2021-01-28 20:34:26', '2021-01-28 20:34:26');
INSERT INTO `wallpaper_tag` VALUES (146, 17, '2021-01-28 20:34:26', '2021-01-28 20:34:26');
INSERT INTO `wallpaper_tag` VALUES (146, 21, '2021-01-28 20:34:26', '2021-01-28 20:34:26');
INSERT INTO `wallpaper_tag` VALUES (147, 1, '2021-01-28 20:34:58', '2021-01-28 20:34:58');
INSERT INTO `wallpaper_tag` VALUES (147, 6, '2021-01-28 20:34:58', '2021-01-28 20:34:58');
INSERT INTO `wallpaper_tag` VALUES (147, 14, '2021-01-28 20:34:58', '2021-01-28 20:34:58');
INSERT INTO `wallpaper_tag` VALUES (147, 21, '2021-01-28 20:34:58', '2021-01-28 20:34:58');
INSERT INTO `wallpaper_tag` VALUES (147, 23, '2021-01-28 20:34:58', '2021-01-28 20:34:58');
INSERT INTO `wallpaper_tag` VALUES (148, 21, '2021-01-28 20:35:22', '2021-01-28 20:35:22');
INSERT INTO `wallpaper_tag` VALUES (149, 1, '2021-01-28 20:35:50', '2021-01-28 20:35:50');
INSERT INTO `wallpaper_tag` VALUES (149, 6, '2021-01-28 20:35:50', '2021-01-28 20:35:50');
INSERT INTO `wallpaper_tag` VALUES (149, 10, '2021-01-28 20:35:50', '2021-01-28 20:35:50');
INSERT INTO `wallpaper_tag` VALUES (149, 21, '2021-01-28 20:35:50', '2021-01-28 20:35:50');
INSERT INTO `wallpaper_tag` VALUES (149, 23, '2021-01-28 20:35:50', '2021-01-28 20:35:50');
INSERT INTO `wallpaper_tag` VALUES (150, 7, '2021-01-28 20:36:14', '2021-01-28 20:36:14');
INSERT INTO `wallpaper_tag` VALUES (150, 9, '2021-01-28 20:36:14', '2021-01-28 20:36:14');
INSERT INTO `wallpaper_tag` VALUES (150, 10, '2021-01-28 20:36:14', '2021-01-28 20:36:14');
INSERT INTO `wallpaper_tag` VALUES (150, 21, '2021-01-28 20:36:14', '2021-01-28 20:36:14');
INSERT INTO `wallpaper_tag` VALUES (151, 5, '2021-01-28 20:36:34', '2021-01-28 20:36:34');
INSERT INTO `wallpaper_tag` VALUES (151, 21, '2021-01-28 20:36:34', '2021-01-28 20:36:34');
INSERT INTO `wallpaper_tag` VALUES (152, 5, '2021-01-28 20:36:53', '2021-01-28 20:36:53');
INSERT INTO `wallpaper_tag` VALUES (152, 21, '2021-01-28 20:36:53', '2021-01-28 20:36:53');
INSERT INTO `wallpaper_tag` VALUES (153, 5, '2021-01-28 20:37:09', '2021-01-28 20:37:09');
INSERT INTO `wallpaper_tag` VALUES (153, 21, '2021-01-28 20:37:09', '2021-01-28 20:37:09');
INSERT INTO `wallpaper_tag` VALUES (154, 5, '2021-01-28 20:37:28', '2021-01-28 20:37:28');
INSERT INTO `wallpaper_tag` VALUES (154, 21, '2021-01-28 20:37:28', '2021-01-28 20:37:28');
INSERT INTO `wallpaper_tag` VALUES (155, 5, '2021-01-28 20:37:46', '2021-01-28 20:37:46');
INSERT INTO `wallpaper_tag` VALUES (155, 21, '2021-01-28 20:37:46', '2021-01-28 20:37:46');
INSERT INTO `wallpaper_tag` VALUES (156, 5, '2021-01-28 20:38:07', '2021-01-28 20:38:07');
INSERT INTO `wallpaper_tag` VALUES (156, 21, '2021-01-28 20:38:07', '2021-01-28 20:38:07');
INSERT INTO `wallpaper_tag` VALUES (157, 5, '2021-01-28 20:38:31', '2021-01-28 20:38:31');
INSERT INTO `wallpaper_tag` VALUES (157, 21, '2021-01-28 20:38:31', '2021-01-28 20:38:31');
INSERT INTO `wallpaper_tag` VALUES (158, 5, '2021-01-28 20:38:48', '2021-01-28 20:38:48');
INSERT INTO `wallpaper_tag` VALUES (158, 21, '2021-01-28 20:38:48', '2021-01-28 20:38:48');
INSERT INTO `wallpaper_tag` VALUES (159, 5, '2021-01-28 20:39:03', '2021-01-28 20:39:03');
INSERT INTO `wallpaper_tag` VALUES (159, 21, '2021-01-28 20:39:03', '2021-01-28 20:39:03');
INSERT INTO `wallpaper_tag` VALUES (160, 5, '2021-01-28 20:39:20', '2021-01-28 20:39:20');
INSERT INTO `wallpaper_tag` VALUES (160, 21, '2021-01-28 20:39:20', '2021-01-28 20:39:20');
INSERT INTO `wallpaper_tag` VALUES (161, 5, '2021-01-28 20:39:40', '2021-01-28 20:39:40');
INSERT INTO `wallpaper_tag` VALUES (161, 21, '2021-01-28 20:39:40', '2021-01-28 20:39:40');
INSERT INTO `wallpaper_tag` VALUES (162, 5, '2021-01-28 20:40:02', '2021-01-28 20:40:02');
INSERT INTO `wallpaper_tag` VALUES (162, 21, '2021-01-28 20:40:02', '2021-01-28 20:40:02');
INSERT INTO `wallpaper_tag` VALUES (163, 5, '2021-01-28 20:40:17', '2021-01-28 20:40:17');
INSERT INTO `wallpaper_tag` VALUES (163, 21, '2021-01-28 20:40:17', '2021-01-28 20:40:17');
INSERT INTO `wallpaper_tag` VALUES (164, 1, '2021-01-28 20:40:56', '2021-01-28 20:40:56');
INSERT INTO `wallpaper_tag` VALUES (164, 6, '2021-01-28 20:40:56', '2021-01-28 20:40:56');
INSERT INTO `wallpaper_tag` VALUES (164, 21, '2021-01-28 20:40:56', '2021-01-28 20:40:56');
INSERT INTO `wallpaper_tag` VALUES (164, 27, '2021-01-28 20:40:56', '2021-01-28 20:40:56');
INSERT INTO `wallpaper_tag` VALUES (165, 1, '2021-01-28 20:41:47', '2021-01-28 20:41:47');
INSERT INTO `wallpaper_tag` VALUES (165, 6, '2021-01-28 20:41:47', '2021-01-28 20:41:47');
INSERT INTO `wallpaper_tag` VALUES (165, 21, '2021-01-28 20:41:47', '2021-01-28 20:41:47');
INSERT INTO `wallpaper_tag` VALUES (165, 23, '2021-01-28 20:41:47', '2021-01-28 20:41:47');
INSERT INTO `wallpaper_tag` VALUES (166, 1, '2021-01-28 20:42:04', '2021-01-28 20:42:04');
INSERT INTO `wallpaper_tag` VALUES (166, 6, '2021-01-28 20:42:04', '2021-01-28 20:42:04');
INSERT INTO `wallpaper_tag` VALUES (166, 21, '2021-01-28 20:42:04', '2021-01-28 20:42:04');
INSERT INTO `wallpaper_tag` VALUES (166, 23, '2021-01-28 20:42:04', '2021-01-28 20:42:04');
INSERT INTO `wallpaper_tag` VALUES (167, 4, '2021-01-28 20:42:26', '2021-01-28 20:42:26');
INSERT INTO `wallpaper_tag` VALUES (167, 9, '2021-01-28 20:42:26', '2021-01-28 20:42:26');
INSERT INTO `wallpaper_tag` VALUES (167, 10, '2021-01-28 20:42:26', '2021-01-28 20:42:26');
INSERT INTO `wallpaper_tag` VALUES (167, 13, '2021-01-28 20:42:26', '2021-01-28 20:42:26');
INSERT INTO `wallpaper_tag` VALUES (167, 21, '2021-01-28 20:42:26', '2021-01-28 20:42:26');
INSERT INTO `wallpaper_tag` VALUES (168, 4, '2021-01-28 20:42:49', '2021-01-28 20:42:49');
INSERT INTO `wallpaper_tag` VALUES (168, 9, '2021-01-28 20:42:49', '2021-01-28 20:42:49');
INSERT INTO `wallpaper_tag` VALUES (168, 10, '2021-01-28 20:42:49', '2021-01-28 20:42:49');
INSERT INTO `wallpaper_tag` VALUES (168, 13, '2021-01-28 20:42:49', '2021-01-28 20:42:49');
INSERT INTO `wallpaper_tag` VALUES (168, 21, '2021-01-28 20:42:49', '2021-01-28 20:42:49');
INSERT INTO `wallpaper_tag` VALUES (169, 1, '2021-01-28 20:43:12', '2021-01-28 20:43:12');
INSERT INTO `wallpaper_tag` VALUES (169, 6, '2021-01-28 20:43:12', '2021-01-28 20:43:12');
INSERT INTO `wallpaper_tag` VALUES (169, 14, '2021-01-28 20:43:12', '2021-01-28 20:43:12');
INSERT INTO `wallpaper_tag` VALUES (169, 21, '2021-01-28 20:43:12', '2021-01-28 20:43:12');
INSERT INTO `wallpaper_tag` VALUES (169, 23, '2021-01-28 20:43:12', '2021-01-28 20:43:12');
INSERT INTO `wallpaper_tag` VALUES (170, 1, '2021-01-28 20:43:34', '2021-01-28 20:43:34');
INSERT INTO `wallpaper_tag` VALUES (170, 6, '2021-01-28 20:43:34', '2021-01-28 20:43:34');
INSERT INTO `wallpaper_tag` VALUES (170, 21, '2021-01-28 20:43:34', '2021-01-28 20:43:34');
INSERT INTO `wallpaper_tag` VALUES (170, 23, '2021-01-28 20:43:34', '2021-01-28 20:43:34');
INSERT INTO `wallpaper_tag` VALUES (171, 4, '2021-01-28 20:43:50', '2021-01-28 20:43:50');
INSERT INTO `wallpaper_tag` VALUES (171, 9, '2021-01-28 20:43:50', '2021-01-28 20:43:50');
INSERT INTO `wallpaper_tag` VALUES (171, 10, '2021-01-28 20:43:50', '2021-01-28 20:43:50');
INSERT INTO `wallpaper_tag` VALUES (171, 13, '2021-01-28 20:43:50', '2021-01-28 20:43:50');
INSERT INTO `wallpaper_tag` VALUES (171, 21, '2021-01-28 20:43:50', '2021-01-28 20:43:50');
INSERT INTO `wallpaper_tag` VALUES (172, 5, '2021-01-28 20:44:10', '2021-01-28 20:44:10');
INSERT INTO `wallpaper_tag` VALUES (172, 21, '2021-01-28 20:44:10', '2021-01-28 20:44:10');
INSERT INTO `wallpaper_tag` VALUES (173, 5, '2021-01-28 20:44:28', '2021-01-28 20:44:28');
INSERT INTO `wallpaper_tag` VALUES (173, 21, '2021-01-28 20:44:28', '2021-01-28 20:44:28');
INSERT INTO `wallpaper_tag` VALUES (174, 5, '2021-01-28 20:44:43', '2021-01-28 20:44:43');
INSERT INTO `wallpaper_tag` VALUES (174, 21, '2021-01-28 20:44:43', '2021-01-28 20:44:43');
INSERT INTO `wallpaper_tag` VALUES (175, 5, '2021-01-28 20:44:55', '2021-01-28 20:44:55');
INSERT INTO `wallpaper_tag` VALUES (175, 21, '2021-01-28 20:44:55', '2021-01-28 20:44:55');
INSERT INTO `wallpaper_tag` VALUES (176, 5, '2021-01-28 20:45:07', '2021-01-28 20:45:07');
INSERT INTO `wallpaper_tag` VALUES (176, 21, '2021-01-28 20:45:07', '2021-01-28 20:45:07');
INSERT INTO `wallpaper_tag` VALUES (177, 5, '2021-01-28 20:45:23', '2021-01-28 20:45:23');
INSERT INTO `wallpaper_tag` VALUES (177, 21, '2021-01-28 20:45:23', '2021-01-28 20:45:23');
INSERT INTO `wallpaper_tag` VALUES (178, 5, '2021-01-28 20:45:39', '2021-01-28 20:45:39');
INSERT INTO `wallpaper_tag` VALUES (178, 21, '2021-01-28 20:45:39', '2021-01-28 20:45:39');
INSERT INTO `wallpaper_tag` VALUES (179, 1, '2021-01-28 20:45:59', '2021-01-28 20:45:59');
INSERT INTO `wallpaper_tag` VALUES (179, 6, '2021-01-28 20:45:59', '2021-01-28 20:45:59');
INSERT INTO `wallpaper_tag` VALUES (179, 21, '2021-01-28 20:45:59', '2021-01-28 20:45:59');
INSERT INTO `wallpaper_tag` VALUES (180, 1, '2021-01-28 20:46:18', '2021-01-28 20:46:18');
INSERT INTO `wallpaper_tag` VALUES (180, 6, '2021-01-28 20:46:18', '2021-01-28 20:46:18');
INSERT INTO `wallpaper_tag` VALUES (180, 9, '2021-01-28 20:46:18', '2021-01-28 20:46:18');
INSERT INTO `wallpaper_tag` VALUES (180, 21, '2021-01-28 20:46:18', '2021-01-28 20:46:18');
INSERT INTO `wallpaper_tag` VALUES (181, 1, '2021-01-28 20:46:35', '2021-01-28 20:46:35');
INSERT INTO `wallpaper_tag` VALUES (181, 6, '2021-01-28 20:46:35', '2021-01-28 20:46:35');
INSERT INTO `wallpaper_tag` VALUES (181, 21, '2021-01-28 20:46:35', '2021-01-28 20:46:35');
INSERT INTO `wallpaper_tag` VALUES (182, 1, '2021-01-28 20:46:54', '2021-01-28 20:46:54');
INSERT INTO `wallpaper_tag` VALUES (182, 6, '2021-01-28 20:46:54', '2021-01-28 20:46:54');
INSERT INTO `wallpaper_tag` VALUES (182, 17, '2021-01-28 20:46:54', '2021-01-28 20:46:54');
INSERT INTO `wallpaper_tag` VALUES (182, 21, '2021-01-28 20:46:54', '2021-01-28 20:46:54');
INSERT INTO `wallpaper_tag` VALUES (183, 1, '2021-01-28 20:47:09', '2021-01-28 20:47:09');
INSERT INTO `wallpaper_tag` VALUES (183, 6, '2021-01-28 20:47:09', '2021-01-28 20:47:09');
INSERT INTO `wallpaper_tag` VALUES (183, 17, '2021-01-28 20:47:09', '2021-01-28 20:47:09');
INSERT INTO `wallpaper_tag` VALUES (183, 21, '2021-01-28 20:47:09', '2021-01-28 20:47:09');
INSERT INTO `wallpaper_tag` VALUES (184, 1, '2021-01-28 20:47:32', '2021-01-28 20:47:32');
INSERT INTO `wallpaper_tag` VALUES (184, 6, '2021-01-28 20:47:32', '2021-01-28 20:47:32');
INSERT INTO `wallpaper_tag` VALUES (184, 14, '2021-01-28 20:47:32', '2021-01-28 20:47:32');
INSERT INTO `wallpaper_tag` VALUES (184, 21, '2021-01-28 20:47:32', '2021-01-28 20:47:32');
INSERT INTO `wallpaper_tag` VALUES (184, 27, '2021-01-28 20:47:32', '2021-01-28 20:47:32');
INSERT INTO `wallpaper_tag` VALUES (185, 1, '2021-01-28 20:47:51', '2021-01-28 20:47:51');
INSERT INTO `wallpaper_tag` VALUES (185, 6, '2021-01-28 20:47:51', '2021-01-28 20:47:51');
INSERT INTO `wallpaper_tag` VALUES (185, 21, '2021-01-28 20:47:51', '2021-01-28 20:47:51');
INSERT INTO `wallpaper_tag` VALUES (186, 1, '2021-01-28 20:48:07', '2021-01-28 20:48:07');
INSERT INTO `wallpaper_tag` VALUES (186, 6, '2021-01-28 20:48:07', '2021-01-28 20:48:07');
INSERT INTO `wallpaper_tag` VALUES (186, 9, '2021-01-28 20:48:07', '2021-01-28 20:48:07');
INSERT INTO `wallpaper_tag` VALUES (186, 21, '2021-01-28 20:48:07', '2021-01-28 20:48:07');
INSERT INTO `wallpaper_tag` VALUES (187, 11, '2021-01-28 20:48:23', '2021-01-28 20:48:23');
INSERT INTO `wallpaper_tag` VALUES (187, 21, '2021-01-28 20:48:23', '2021-01-28 20:48:23');
INSERT INTO `wallpaper_tag` VALUES (188, 11, '2021-01-28 20:48:37', '2021-01-28 20:48:37');
INSERT INTO `wallpaper_tag` VALUES (188, 21, '2021-01-28 20:48:37', '2021-01-28 20:48:37');
INSERT INTO `wallpaper_tag` VALUES (189, 11, '2021-01-28 20:48:50', '2021-01-28 20:48:50');
INSERT INTO `wallpaper_tag` VALUES (189, 21, '2021-01-28 20:48:50', '2021-01-28 20:48:50');
INSERT INTO `wallpaper_tag` VALUES (190, 1, '2021-01-28 20:49:12', '2021-01-28 20:49:12');
INSERT INTO `wallpaper_tag` VALUES (190, 6, '2021-01-28 20:49:12', '2021-01-28 20:49:12');
INSERT INTO `wallpaper_tag` VALUES (190, 17, '2021-01-28 20:49:12', '2021-01-28 20:49:12');
INSERT INTO `wallpaper_tag` VALUES (190, 21, '2021-01-28 20:49:12', '2021-01-28 20:49:12');
INSERT INTO `wallpaper_tag` VALUES (191, 1, '2021-01-28 20:49:30', '2021-01-28 20:49:30');
INSERT INTO `wallpaper_tag` VALUES (191, 6, '2021-01-28 20:49:30', '2021-01-28 20:49:30');
INSERT INTO `wallpaper_tag` VALUES (191, 21, '2021-01-28 20:49:30', '2021-01-28 20:49:30');
INSERT INTO `wallpaper_tag` VALUES (191, 27, '2021-01-28 20:49:30', '2021-01-28 20:49:30');
INSERT INTO `wallpaper_tag` VALUES (192, 1, '2021-01-28 20:49:45', '2021-01-28 20:49:45');
INSERT INTO `wallpaper_tag` VALUES (192, 6, '2021-01-28 20:49:45', '2021-01-28 20:49:45');
INSERT INTO `wallpaper_tag` VALUES (192, 17, '2021-01-28 20:49:45', '2021-01-28 20:49:45');
INSERT INTO `wallpaper_tag` VALUES (192, 21, '2021-01-28 20:49:45', '2021-01-28 20:49:45');
INSERT INTO `wallpaper_tag` VALUES (193, 2, '2021-01-28 20:50:04', '2021-01-28 20:50:04');
INSERT INTO `wallpaper_tag` VALUES (193, 4, '2021-01-28 20:50:04', '2021-01-28 20:50:04');
INSERT INTO `wallpaper_tag` VALUES (193, 5, '2021-01-28 20:50:04', '2021-01-28 20:50:04');
INSERT INTO `wallpaper_tag` VALUES (193, 21, '2021-01-28 20:50:04', '2021-01-28 20:50:04');
INSERT INTO `wallpaper_tag` VALUES (194, 2, '2021-01-28 20:50:20', '2021-01-28 20:50:20');
INSERT INTO `wallpaper_tag` VALUES (194, 5, '2021-01-28 20:50:20', '2021-01-28 20:50:20');
INSERT INTO `wallpaper_tag` VALUES (194, 21, '2021-01-28 20:50:20', '2021-01-28 20:50:20');
INSERT INTO `wallpaper_tag` VALUES (195, 9, '2021-01-28 20:50:37', '2021-01-28 20:50:37');
INSERT INTO `wallpaper_tag` VALUES (195, 13, '2021-01-28 20:50:37', '2021-01-28 20:50:37');
INSERT INTO `wallpaper_tag` VALUES (195, 21, '2021-01-28 20:50:37', '2021-01-28 20:50:37');
INSERT INTO `wallpaper_tag` VALUES (196, 9, '2021-01-28 20:50:52', '2021-01-28 20:50:52');
INSERT INTO `wallpaper_tag` VALUES (196, 13, '2021-01-28 20:50:52', '2021-01-28 20:50:52');
INSERT INTO `wallpaper_tag` VALUES (196, 21, '2021-01-28 20:50:52', '2021-01-28 20:50:52');
INSERT INTO `wallpaper_tag` VALUES (197, 9, '2021-01-28 20:51:08', '2021-01-28 20:51:08');
INSERT INTO `wallpaper_tag` VALUES (197, 13, '2021-01-28 20:51:08', '2021-01-28 20:51:08');
INSERT INTO `wallpaper_tag` VALUES (197, 21, '2021-01-28 20:51:08', '2021-01-28 20:51:08');
INSERT INTO `wallpaper_tag` VALUES (198, 2, '2021-01-28 20:51:25', '2021-01-28 20:51:25');
INSERT INTO `wallpaper_tag` VALUES (198, 5, '2021-01-28 20:51:25', '2021-01-28 20:51:25');
INSERT INTO `wallpaper_tag` VALUES (198, 17, '2021-01-28 20:51:25', '2021-01-28 20:51:25');
INSERT INTO `wallpaper_tag` VALUES (198, 21, '2021-01-28 20:51:25', '2021-01-28 20:51:25');
INSERT INTO `wallpaper_tag` VALUES (199, 2, '2021-01-28 20:51:40', '2021-01-28 20:51:40');
INSERT INTO `wallpaper_tag` VALUES (199, 5, '2021-01-28 20:51:40', '2021-01-28 20:51:40');
INSERT INTO `wallpaper_tag` VALUES (199, 17, '2021-01-28 20:51:40', '2021-01-28 20:51:40');
INSERT INTO `wallpaper_tag` VALUES (199, 21, '2021-01-28 20:51:40', '2021-01-28 20:51:40');
INSERT INTO `wallpaper_tag` VALUES (200, 1, '2021-01-28 20:51:55', '2021-01-28 20:51:55');
INSERT INTO `wallpaper_tag` VALUES (200, 6, '2021-01-28 20:51:55', '2021-01-28 20:51:55');
INSERT INTO `wallpaper_tag` VALUES (200, 21, '2021-01-28 20:51:55', '2021-01-28 20:51:55');
INSERT INTO `wallpaper_tag` VALUES (200, 23, '2021-01-28 20:51:55', '2021-01-28 20:51:55');
INSERT INTO `wallpaper_tag` VALUES (201, 1, '2021-01-28 20:52:18', '2021-01-28 20:52:18');
INSERT INTO `wallpaper_tag` VALUES (201, 9, '2021-01-28 20:52:18', '2021-01-28 20:52:18');
INSERT INTO `wallpaper_tag` VALUES (201, 17, '2021-01-28 20:52:18', '2021-01-28 20:52:18');
INSERT INTO `wallpaper_tag` VALUES (201, 21, '2021-01-28 20:52:18', '2021-01-28 20:52:18');
INSERT INTO `wallpaper_tag` VALUES (202, 1, '2021-01-28 20:52:35', '2021-01-28 20:52:35');
INSERT INTO `wallpaper_tag` VALUES (202, 6, '2021-01-28 20:52:35', '2021-01-28 20:52:35');
INSERT INTO `wallpaper_tag` VALUES (202, 21, '2021-01-28 20:52:35', '2021-01-28 20:52:35');
INSERT INTO `wallpaper_tag` VALUES (202, 23, '2021-01-28 20:52:36', '2021-01-28 20:52:36');
INSERT INTO `wallpaper_tag` VALUES (203, 1, '2021-01-28 20:52:49', '2021-01-28 20:52:49');
INSERT INTO `wallpaper_tag` VALUES (203, 21, '2021-01-28 20:52:49', '2021-01-28 20:52:49');
INSERT INTO `wallpaper_tag` VALUES (204, 1, '2021-01-28 20:53:03', '2021-01-28 20:53:03');
INSERT INTO `wallpaper_tag` VALUES (204, 21, '2021-01-28 20:53:03', '2021-01-28 20:53:03');
INSERT INTO `wallpaper_tag` VALUES (205, 1, '2021-01-28 20:53:15', '2021-01-28 20:53:15');
INSERT INTO `wallpaper_tag` VALUES (205, 21, '2021-01-28 20:53:15', '2021-01-28 20:53:15');
INSERT INTO `wallpaper_tag` VALUES (206, 11, '2021-01-28 20:53:28', '2021-01-28 20:53:28');
INSERT INTO `wallpaper_tag` VALUES (206, 21, '2021-01-28 20:53:28', '2021-01-28 20:53:28');
INSERT INTO `wallpaper_tag` VALUES (207, 11, '2021-01-28 20:53:41', '2021-01-28 20:53:41');
INSERT INTO `wallpaper_tag` VALUES (207, 21, '2021-01-28 20:53:41', '2021-01-28 20:53:41');
INSERT INTO `wallpaper_tag` VALUES (208, 1, '2021-01-28 20:53:54', '2021-01-28 20:53:54');
INSERT INTO `wallpaper_tag` VALUES (208, 6, '2021-01-28 20:53:54', '2021-01-28 20:53:54');
INSERT INTO `wallpaper_tag` VALUES (208, 21, '2021-01-28 20:53:54', '2021-01-28 20:53:54');
INSERT INTO `wallpaper_tag` VALUES (208, 23, '2021-01-28 20:53:54', '2021-01-28 20:53:54');
INSERT INTO `wallpaper_tag` VALUES (209, 1, '2021-01-28 20:54:25', '2021-01-28 20:54:25');
INSERT INTO `wallpaper_tag` VALUES (209, 6, '2021-01-28 20:54:25', '2021-01-28 20:54:25');
INSERT INTO `wallpaper_tag` VALUES (209, 21, '2021-01-28 20:54:25', '2021-01-28 20:54:25');
INSERT INTO `wallpaper_tag` VALUES (209, 23, '2021-01-28 20:54:25', '2021-01-28 20:54:25');
INSERT INTO `wallpaper_tag` VALUES (210, 1, '2021-01-28 20:54:54', '2021-01-28 20:54:54');
INSERT INTO `wallpaper_tag` VALUES (210, 6, '2021-01-28 20:54:54', '2021-01-28 20:54:54');
INSERT INTO `wallpaper_tag` VALUES (210, 21, '2021-01-28 20:54:54', '2021-01-28 20:54:54');
INSERT INTO `wallpaper_tag` VALUES (210, 23, '2021-01-28 20:54:54', '2021-01-28 20:54:54');
INSERT INTO `wallpaper_tag` VALUES (211, 1, '2021-01-28 20:55:32', '2021-01-28 20:55:32');
INSERT INTO `wallpaper_tag` VALUES (211, 21, '2021-01-28 20:55:32', '2021-01-28 20:55:32');
INSERT INTO `wallpaper_tag` VALUES (212, 1, '2021-01-28 20:55:46', '2021-01-28 20:55:46');
INSERT INTO `wallpaper_tag` VALUES (212, 21, '2021-01-28 20:55:46', '2021-01-28 20:55:46');
INSERT INTO `wallpaper_tag` VALUES (213, 1, '2021-01-28 20:55:58', '2021-01-28 20:55:58');
INSERT INTO `wallpaper_tag` VALUES (213, 21, '2021-01-28 20:55:58', '2021-01-28 20:55:58');
INSERT INTO `wallpaper_tag` VALUES (214, 4, '2021-01-28 20:56:36', '2021-01-28 20:56:36');
INSERT INTO `wallpaper_tag` VALUES (214, 5, '2021-01-28 20:56:36', '2021-01-28 20:56:36');
INSERT INTO `wallpaper_tag` VALUES (214, 10, '2021-01-28 20:56:36', '2021-01-28 20:56:36');
INSERT INTO `wallpaper_tag` VALUES (214, 21, '2021-01-28 20:56:36', '2021-01-28 20:56:36');
INSERT INTO `wallpaper_tag` VALUES (215, 4, '2021-01-28 20:56:49', '2021-01-28 20:56:49');
INSERT INTO `wallpaper_tag` VALUES (215, 5, '2021-01-28 20:56:49', '2021-01-28 20:56:49');
INSERT INTO `wallpaper_tag` VALUES (215, 21, '2021-01-28 20:56:49', '2021-01-28 20:56:49');
INSERT INTO `wallpaper_tag` VALUES (217, 4, '2021-01-28 20:57:31', '2021-01-28 20:57:31');
INSERT INTO `wallpaper_tag` VALUES (217, 9, '2021-01-28 20:57:31', '2021-01-28 20:57:31');
INSERT INTO `wallpaper_tag` VALUES (217, 10, '2021-01-28 20:57:31', '2021-01-28 20:57:31');
INSERT INTO `wallpaper_tag` VALUES (217, 21, '2021-01-28 20:57:31', '2021-01-28 20:57:31');
INSERT INTO `wallpaper_tag` VALUES (218, 4, '2021-01-28 20:57:46', '2021-01-28 20:57:46');
INSERT INTO `wallpaper_tag` VALUES (218, 9, '2021-01-28 20:57:46', '2021-01-28 20:57:46');
INSERT INTO `wallpaper_tag` VALUES (218, 10, '2021-01-28 20:57:46', '2021-01-28 20:57:46');
INSERT INTO `wallpaper_tag` VALUES (218, 21, '2021-01-28 20:57:46', '2021-01-28 20:57:46');
INSERT INTO `wallpaper_tag` VALUES (224, 5, '2021-01-29 13:09:18', '2021-01-29 13:09:18');
INSERT INTO `wallpaper_tag` VALUES (224, 21, '2021-01-29 13:09:18', '2021-01-29 13:09:18');
INSERT INTO `wallpaper_tag` VALUES (225, 4, '2021-01-29 13:10:36', '2021-01-29 13:10:36');
INSERT INTO `wallpaper_tag` VALUES (225, 9, '2021-01-29 13:10:36', '2021-01-29 13:10:36');
INSERT INTO `wallpaper_tag` VALUES (225, 10, '2021-01-29 13:10:36', '2021-01-29 13:10:36');
INSERT INTO `wallpaper_tag` VALUES (225, 21, '2021-01-29 13:10:36', '2021-01-29 13:10:36');
INSERT INTO `wallpaper_tag` VALUES (226, 5, '2021-01-29 13:12:00', '2021-01-29 13:12:00');
INSERT INTO `wallpaper_tag` VALUES (226, 21, '2021-01-29 13:12:00', '2021-01-29 13:12:00');
INSERT INTO `wallpaper_tag` VALUES (227, 1, '2021-01-29 13:27:18', '2021-01-29 13:27:18');
INSERT INTO `wallpaper_tag` VALUES (227, 6, '2021-01-29 13:27:18', '2021-01-29 13:27:18');
INSERT INTO `wallpaper_tag` VALUES (227, 21, '2021-01-29 13:27:18', '2021-01-29 13:27:18');
INSERT INTO `wallpaper_tag` VALUES (228, 1, '2021-01-29 13:28:57', '2021-01-29 13:28:57');
INSERT INTO `wallpaper_tag` VALUES (228, 6, '2021-01-29 13:28:57', '2021-01-29 13:28:57');
INSERT INTO `wallpaper_tag` VALUES (228, 21, '2021-01-29 13:28:57', '2021-01-29 13:28:57');
INSERT INTO `wallpaper_tag` VALUES (229, 1, '2021-01-29 13:29:31', '2021-01-29 13:29:31');
INSERT INTO `wallpaper_tag` VALUES (229, 6, '2021-01-29 13:29:31', '2021-01-29 13:29:31');
INSERT INTO `wallpaper_tag` VALUES (229, 14, '2021-01-29 13:29:31', '2021-01-29 13:29:31');
INSERT INTO `wallpaper_tag` VALUES (229, 21, '2021-01-29 13:29:31', '2021-01-29 13:29:31');
INSERT INTO `wallpaper_tag` VALUES (230, 2, '2021-01-29 13:30:04', '2021-01-29 13:30:04');
INSERT INTO `wallpaper_tag` VALUES (230, 4, '2021-01-29 13:30:04', '2021-01-29 13:30:04');
INSERT INTO `wallpaper_tag` VALUES (230, 5, '2021-01-29 13:30:04', '2021-01-29 13:30:04');
INSERT INTO `wallpaper_tag` VALUES (230, 10, '2021-01-29 13:30:04', '2021-01-29 13:30:04');
INSERT INTO `wallpaper_tag` VALUES (230, 21, '2021-01-29 13:30:04', '2021-01-29 13:30:04');
INSERT INTO `wallpaper_tag` VALUES (231, 21, '2021-01-29 13:30:25', '2021-01-29 13:30:25');
INSERT INTO `wallpaper_tag` VALUES (232, 2, '2021-01-29 13:30:36', '2021-01-29 13:30:36');
INSERT INTO `wallpaper_tag` VALUES (232, 4, '2021-01-29 13:30:36', '2021-01-29 13:30:36');
INSERT INTO `wallpaper_tag` VALUES (232, 5, '2021-01-29 13:30:36', '2021-01-29 13:30:36');
INSERT INTO `wallpaper_tag` VALUES (232, 10, '2021-01-29 13:30:36', '2021-01-29 13:30:36');
INSERT INTO `wallpaper_tag` VALUES (232, 21, '2021-01-29 13:30:36', '2021-01-29 13:30:36');
INSERT INTO `wallpaper_tag` VALUES (233, 21, '2021-01-29 13:31:02', '2021-01-29 13:31:02');
INSERT INTO `wallpaper_tag` VALUES (234, 2, '2021-01-29 13:36:22', '2021-01-29 13:36:22');
INSERT INTO `wallpaper_tag` VALUES (234, 4, '2021-01-29 13:36:22', '2021-01-29 13:36:22');
INSERT INTO `wallpaper_tag` VALUES (234, 5, '2021-01-29 13:36:22', '2021-01-29 13:36:22');
INSERT INTO `wallpaper_tag` VALUES (234, 10, '2021-01-29 13:36:22', '2021-01-29 13:36:22');
INSERT INTO `wallpaper_tag` VALUES (234, 21, '2021-01-29 13:36:22', '2021-01-29 13:36:22');
INSERT INTO `wallpaper_tag` VALUES (235, 2, '2021-01-29 13:36:50', '2021-01-29 13:36:50');
INSERT INTO `wallpaper_tag` VALUES (235, 4, '2021-01-29 13:36:50', '2021-01-29 13:36:50');
INSERT INTO `wallpaper_tag` VALUES (235, 5, '2021-01-29 13:36:50', '2021-01-29 13:36:50');
INSERT INTO `wallpaper_tag` VALUES (235, 10, '2021-01-29 13:36:50', '2021-01-29 13:36:50');
INSERT INTO `wallpaper_tag` VALUES (235, 21, '2021-01-29 13:36:50', '2021-01-29 13:36:50');
INSERT INTO `wallpaper_tag` VALUES (236, 2, '2021-01-29 13:37:06', '2021-01-29 13:37:06');
INSERT INTO `wallpaper_tag` VALUES (236, 4, '2021-01-29 13:37:06', '2021-01-29 13:37:06');
INSERT INTO `wallpaper_tag` VALUES (236, 5, '2021-01-29 13:37:06', '2021-01-29 13:37:06');
INSERT INTO `wallpaper_tag` VALUES (236, 10, '2021-01-29 13:37:06', '2021-01-29 13:37:06');
INSERT INTO `wallpaper_tag` VALUES (236, 21, '2021-01-29 13:37:06', '2021-01-29 13:37:06');
INSERT INTO `wallpaper_tag` VALUES (237, 2, '2021-01-29 13:37:22', '2021-01-29 13:37:22');
INSERT INTO `wallpaper_tag` VALUES (237, 4, '2021-01-29 13:37:22', '2021-01-29 13:37:22');
INSERT INTO `wallpaper_tag` VALUES (237, 5, '2021-01-29 13:37:22', '2021-01-29 13:37:22');
INSERT INTO `wallpaper_tag` VALUES (237, 10, '2021-01-29 13:37:22', '2021-01-29 13:37:22');
INSERT INTO `wallpaper_tag` VALUES (237, 21, '2021-01-29 13:37:22', '2021-01-29 13:37:22');
INSERT INTO `wallpaper_tag` VALUES (238, 2, '2021-01-29 13:44:49', '2021-01-29 13:44:49');
INSERT INTO `wallpaper_tag` VALUES (238, 4, '2021-01-29 13:44:49', '2021-01-29 13:44:49');
INSERT INTO `wallpaper_tag` VALUES (238, 5, '2021-01-29 13:44:49', '2021-01-29 13:44:49');
INSERT INTO `wallpaper_tag` VALUES (238, 19, '2021-01-29 13:44:49', '2021-01-29 13:44:49');
INSERT INTO `wallpaper_tag` VALUES (239, 9, '2021-01-29 13:48:34', '2021-01-29 13:48:34');
INSERT INTO `wallpaper_tag` VALUES (239, 11, '2021-01-29 13:48:34', '2021-01-29 13:48:34');
INSERT INTO `wallpaper_tag` VALUES (239, 19, '2021-01-29 13:48:34', '2021-01-29 13:48:34');
INSERT INTO `wallpaper_tag` VALUES (240, 4, '2021-01-29 13:48:51', '2021-01-29 13:48:51');
INSERT INTO `wallpaper_tag` VALUES (240, 5, '2021-01-29 13:48:51', '2021-01-29 13:48:51');
INSERT INTO `wallpaper_tag` VALUES (240, 19, '2021-01-29 13:48:51', '2021-01-29 13:48:51');
INSERT INTO `wallpaper_tag` VALUES (241, 5, '2021-01-29 13:49:08', '2021-01-29 13:49:08');
INSERT INTO `wallpaper_tag` VALUES (241, 19, '2021-01-29 13:49:08', '2021-01-29 13:49:08');
INSERT INTO `wallpaper_tag` VALUES (242, 9, '2021-01-29 13:49:41', '2021-01-29 13:49:41');
INSERT INTO `wallpaper_tag` VALUES (242, 19, '2021-01-29 13:49:41', '2021-01-29 13:49:41');
INSERT INTO `wallpaper_tag` VALUES (243, 19, '2021-01-29 13:50:03', '2021-01-29 13:50:03');
INSERT INTO `wallpaper_tag` VALUES (244, 5, '2021-01-29 13:50:26', '2021-01-29 13:50:26');
INSERT INTO `wallpaper_tag` VALUES (244, 19, '2021-01-29 13:50:26', '2021-01-29 13:50:26');
INSERT INTO `wallpaper_tag` VALUES (245, 19, '2021-01-29 13:50:39', '2021-01-29 13:50:39');

SET FOREIGN_KEY_CHECKS = 1;
